district_name,ST_LEAID,per_pupil_cost,per_pupil_class_instruction,per_pupil_admin_cost
Absecon City,NJ-010010,15676,9712,1534
Atlantic City,NJ-010110,21198,14434,1780
Atlantic Co Vocational,NJ-010120,15564,8307,1820
Atlantic Co Special Serv,NJ-010125,45919,22615,5786
Brigantine City,NJ-010570,34592,21147,2338
Buena Regional,NJ-010590,19169,10969,2153
Egg Harbor City,NJ-011300,16258,9875,1680
Egg Harbor Twp,NJ-011310,18291,11154,1322
Estell Manor City,NJ-011410,17611,11395,1752
Folsom Boro,NJ-011540,16180,9902,1615
Galloway Twp,NJ-011690,19221,12702,1657
Greater Egg Harbor Reg,NJ-011790,20257,11121,2090
Hamilton Twp,NJ-011940,15711,9416,1411
Hammonton Town,NJ-011960,14526,8591,1441
Linwood City,NJ-012680,16881,9686,1912
Mainland Regional,NJ-012910,22115,12039,1425
Margate City,NJ-013020,30759,19844,2236
Mullica Twp,NJ-013480,16889,9433,2104
Northfield City,NJ-013720,17425,12023,1849
Pleasantville City,NJ-014180,19187,10869,1943
Port Republic City,NJ-014240,18551,10616,2246
Somers Point City,NJ-014800,19204,10749,2020
Ventnor City,NJ-015350,27140,16854,2466
Weymouth Twp,NJ-015760,17299,9610,2161
Allendale Boro,NJ-030040,17114,10057,1970
Alpine Boro,NJ-030080,30228,15782,2207
Bergen Co Special Service,NJ-030285,86445,47272,7843
Bergen County Vocational,NJ-030290,26854,14094,5171
Bergenfield Boro,NJ-030300,18147,11058,1910
Bogota Boro,NJ-030440,16696,9523,2248
Carlstadt Boro,NJ-030740,19919,11796,2485
Carlstadt-East Rutherford,NJ-030745,19736,10371,2312
Cliffside Park Boro,NJ-030890,15434,9675,1757
Closter Boro,NJ-030930,16239,9807,1825
Cresskill Boro,NJ-030990,17729,11445,2027
Demarest Boro,NJ-031070,19246,11097,2234
Dumont Boro,NJ-031130,16294,10058,2065
East Rutherford Boro,NJ-031230,23098,14543,2914
Edgewater Boro,NJ-031270,19010,10446,2281
Elmwood Park,NJ-031345,14261,7647,2101
Emerson Boro,NJ-031360,18929,10826,2409
Englewood City,NJ-031370,19232,11127,2129
Englewood Cliffs Boro,NJ-031380,28748,16011,2847
Fair Lawn Boro,NJ-031450,17279,10395,1785
Fairview Boro,NJ-031470,11928,6662,1806
Fort Lee Boro,NJ-031550,16749,9780,1772
Franklin Lakes Boro,NJ-031580,26549,16716,2420
Garfield City,NJ-031700,20103,12369,2311
Glen Rock Boro,NJ-031760,18290,11045,1930
Hackensack City,NJ-031860,20884,12304,2068
Harrington Park Boro,NJ-032050,19666,12177,2118
Hasbrouck Heights Boro,NJ-032080,17933,10231,1832
Haworth Boro,NJ-032090,22035,13365,2104
Hillsdale Boro,NJ-032180,20492,12109,1954
Ho Ho Kus Boro,NJ-032200,18898,10506,2451
Leonia Boro,NJ-032620,16391,9424,2272
Little Ferry Boro,NJ-032710,18669,11240,2267
Lodi Borough,NJ-032740,14831,8380,1502
Lyndhurst Twp,NJ-032860,11053,6204,1372
Mahwah Twp,NJ-032900,22813,11826,2363
Maywood Boro,NJ-033060,16022,10167,1573
Midland Park Boro,NJ-033170,24440,13970,3100
Montvale Boro,NJ-033330,17618,11238,2096
Moonachie Boro,NJ-033350,16760,9657,1549
New Milford Boro,NJ-033550,19026,10703,2752
North Arlington Boro,NJ-033600,11727,6803,1382
Northern Highlands Reg,NJ-033700,20030,11485,1675
Northern Valley Regional,NJ-033710,22621,13239,2084
Northvale Boro,NJ-033730,19055,11051,2393
Norwood Boro,NJ-033740,16762,9627,2182
Oakland Boro,NJ-033760,22133,12933,2467
Old Tappan Boro,NJ-033850,17400,8971,1571
Oradell Boro,NJ-033870,15047,9118,1654
Palisades Park,NJ-033910,14607,9001,1692
Paramus Boro,NJ-033930,21824,12145,2256
Park Ridge Boro,NJ-033940,24472,13034,2355
Pascack Valley Regional,NJ-033960,27574,15164,2463
Ramapo-Indian Hill Reg,NJ-034300,24827,12840,2675
Ramsey Boro,NJ-034310,23898,13802,1773
Ridgefield Boro,NJ-034370,22377,12138,2241
Ridgefield Park Twp,NJ-034380,19242,11932,2368
Ridgewood Village,NJ-034390,17714,10301,1634
River Dell Regional,NJ-034405,19841,11791,2358
River Edge Boro,NJ-034410,16881,11171,1876
River Vale Twp,NJ-034430,21271,12548,2762
Rochelle Park Twp,NJ-034470,19146,11244,2357
Rutherford Boro,NJ-034600,17148,10007,2454
Saddle Brook Twp,NJ-034610,18010,9327,2297
Saddle River Boro,NJ-034620,43747,21794,2405
South Hackensack Twp,NJ-034870,24011,13755,1907
Teaneck Twp,NJ-035150,22606,13306,2079
Tenafly Boro,NJ-035160,19919,12088,2256
Upper Saddle River Boro,NJ-035330,21600,14408,1830
Waldwick Boro,NJ-035410,18122,11463,2393
Wallington Boro,NJ-035430,14670,8035,1605
Westwood Regional,NJ-035755,19091,10860,2106
Wood-Ridge Boro,NJ-035830,16012,9365,2200
Woodcliff Lake Boro,NJ-035880,20162,12041,2478
Wyckoff Twp,NJ-035920,18986,10929,2131
Bass River Twp,NJ-050200,0,0,0
Beverly City,NJ-050380,17073,9729,1432
Bordentown Regional,NJ-050475,18931,10187,2012
Burlington City,NJ-050600,18934,10677,1972
Burlington Co Spec Serv,NJ-050605,71422,38812,6183
Burlington Co Vocational,NJ-050610,18036,9206,2291
Burlington Twp,NJ-050620,17869,8063,4133
Chesterfield Twp,NJ-050830,16858,9114,1795
Cinnaminson Twp,NJ-050840,16329,9396,1686
Delanco Twp,NJ-051030,15940,8182,2107
Delran Twp,NJ-051060,16756,10288,1283
Eastampton Twp,NJ-051250,14736,8834,1735
Edgewater Park Twp,NJ-051280,16337,10250,1722
Evesham Twp,NJ-051420,15536,9393,1279
Florence Twp,NJ-051520,16311,8813,2084
Hainesport Twp,NJ-051910,17542,10129,2052
Lenape Regional,NJ-052610,20471,11731,1747
Lumberton Twp,NJ-052850,17029,9541,1773
Mansfield Twp,NJ-052960,21243,11896,2350
Maple Shade Twp,NJ-053010,17208,10651,1629
Medford Lakes Boro,NJ-053070,16371,10079,1976
Medford Twp,NJ-053080,18304,11628,2027
Moorestown Twp,NJ-053360,18527,11187,1524
Mount Holly Twp,NJ-053430,18217,10184,2020
Mount Laurel Twp,NJ-053440,16570,10809,1490
New Hanover Twp,NJ-053540,18344,10461,1827
North Hanover Twp,NJ-053650,17865,11750,1147
Northern Burlington Reg,NJ-053690,16797,9127,1707
Palmyra Boro,NJ-053920,17241,9295,1760
Pemberton Twp,NJ-054050,20396,11625,1821
Rancocas Valley Regional,NJ-054320,16172,8883,1999
Riverside Twp,NJ-054450,15343,9328,1751
Riverton,NJ-054460,17396,10806,2129
Shamong Twp,NJ-054740,17625,10006,2132
Southampton Twp,NJ-054930,17743,10123,2179
Springfield Twp,NJ-055010,14864,9347,928
Tabernacle Twp,NJ-055130,17414,10608,1606
Washington Twp,NJ-055490,0,0,0
Westampton,NJ-055720,16133,9599,1698
Willingboro Twp,NJ-055805,17371,9512,1463
Woodland Twp,NJ-055890,22211,14242,2271
Audubon Boro,NJ-070150,16907,10014,1536
Barrington Boro,NJ-070190,18348,11444,1830
Bellmawr Boro,NJ-070260,16570,10109,1443
Berlin Boro,NJ-070330,13331,8817,1336
Berlin Twp,NJ-070340,17791,10884,2180
Black Horse Pike Regional,NJ-070390,16999,9218,1871
Brooklawn Boro,NJ-070580,17498,11882,1744
Camden City,NJ-070680,25858,14567,1991
Camden County Vocational,NJ-070700,19907,10214,3106
Cherry Hill Twp,NJ-070800,17738,11466,1804
Clementon Boro,NJ-070880,14745,9100,1712
Collingswood Boro,NJ-070940,16782,9801,1523
Eastern Camden County Reg,NJ-071255,17000,9557,1898
Gibbsboro Boro,NJ-071720,18978,12051,1827
Gloucester City,NJ-071770,16734,9735,1603
Gloucester Twp,NJ-071780,14837,9884,1251
Haddon Heights Boro,NJ-071880,15932,9766,1816
Haddon Twp,NJ-071890,15476,10008,1404
Haddonfield Boro,NJ-071900,14713,7942,1574
Laurel Springs Boro,NJ-072540,17318,10792,1957
Lawnside Boro,NJ-072560,18288,8142,2508
Lindenwold Boro,NJ-072670,14250,8483,1317
Magnolia Boro,NJ-072890,18362,11312,2209
Merchantville Boro,NJ-073110,16461,10782,1750
Mount Ephraim Boro,NJ-073420,16548,9665,1801
Oaklyn Boro,NJ-073770,20032,11101,1700
Pennsauken Twp,NJ-074060,17023,9984,1680
Pine Hill Boro,NJ-074110,17284,10054,1622
Runnemede Boro,NJ-074590,17895,9731,1933
Somerdale Boro,NJ-074790,18321,11313,2317
Sterling High School Dist,NJ-075035,17325,9562,1904
Stratford Boro,NJ-075080,16673,10255,1661
Voorhees Twp,NJ-075400,16976,11262,1597
Waterford Twp,NJ-075560,18306,10256,2069
Winslow Twp,NJ-075820,16270,9573,1677
Woodlynne Boro,NJ-075900,17419,9571,1806
Avalon Boro,NJ-090170,32305,16930,2381
Cape May City,NJ-090710,24080,15513,1872
Cape May Co Special Serv,NJ-090715,51017,25211,5994
Cape May Co Vocational,NJ-090720,24107,12514,3692
Dennis Twp,NJ-091080,16743,9506,1775
Lower Cape May Regional,NJ-092820,20439,11830,2104
Lower Twp,NJ-092840,17544,9999,1412
Middle Twp,NJ-093130,15099,8328,1554
North Wildwood City,NJ-093680,38857,23068,2460
Ocean City,NJ-093780,21333,12680,1830
Stone Harbor Boro,NJ-095060,28478,16792,2258
Upper Twp,NJ-095340,15243,9029,1792
West Cape May Boro,NJ-095610,20852,10266,1745
Wildwood City,NJ-095790,21809,12742,2398
Wildwood Crest Boro,NJ-095800,30961,19243,1583
Woodbine Boro,NJ-095840,15536,10440,1830
Bridgeton City,NJ-110540,16263,9310,1792
Commercial Twp,NJ-110950,14475,7602,1851
Cumberland Co Vocational,NJ-110995,17589,9464,2673
Cumberland Regional,NJ-110997,16878,8133,1828
Deerfield Twp,NJ-111020,17983,11008,1699
Downe Twp,NJ-111120,16898,9615,1962
Fairfield Twp,NJ-111460,12633,8419,1670
Greenwich Twp,NJ-111820,17728,8439,2138
Hopewell Twp,NJ-112270,14573,8874,1590
Lawrence Twp,NJ-112570,14883,9977,1511
Maurice River Twp,NJ-113050,16686,8384,1923
Millville City,NJ-113230,18611,10772,1815
Stow Creek Twp,NJ-115070,14216,8286,1797
Upper Deerfield Twp,NJ-115300,17226,10035,1686
Vineland City,NJ-115390,16200,9980,1452
Belleville Town,NJ-130250,17608,9862,2820
Bloomfield Twp,NJ-130410,16179,9605,2040
Caldwell-West Caldwell,NJ-130660,18339,10444,1858
Cedar Grove Twp,NJ-130760,18884,10295,2615
East Orange,NJ-131210,21196,10690,2332
Essex Co Voc-Tech,NJ-131390,21688,10084,4069
Essex Fells Boro,NJ-131400,21645,13706,2251
Fairfield Twp,NJ-131465,16887,10272,2168
Glen Ridge Boro,NJ-131750,16851,10031,2224
Irvington Township,NJ-132330,18379,9879,1392
Livingston Twp,NJ-132730,17535,11074,1802
Millburn Twp,NJ-133190,19215,10976,1798
Montclair Town,NJ-133310,20043,12315,1573
Newark City,NJ-133570,20026,10014,1817
North Caldwell Boro,NJ-133630,18837,10840,2391
Nutley Town,NJ-133750,17057,10451,1906
City of Orange Twp,NJ-133880,19212,10942,2701
Roseland Boro,NJ-134530,17891,10457,1846
South Orange-Maplewood,NJ-134900,18321,11299,1808
Verona Boro,NJ-135370,16336,9521,1713
West Essex Regional,NJ-135630,20922,11802,2328
West Orange Town,NJ-135680,22741,14290,2254
Clayton Boro,NJ-150860,15214,8838,1810
Clearview Regional,NJ-150870,14130,7976,1869
Deptford Twp,NJ-151100,15654,9568,1326
East Greenwich Twp,NJ-151180,14466,8913,1362
Elk Twp,NJ-151330,15361,9378,1451
Franklin Twp,NJ-151590,15154,8795,1643
Gateway Regional,NJ-151715,22175,11712,1894
Glassboro,NJ-151730,17487,9580,2232
Gloucester Co Spec Serv,NJ-151774,55780,31044,5822
Gloucester Co Vocational,NJ-151775,14743,8110,1259
Greenwich Twp,NJ-151830,20744,11553,2186
Harrison Twp,NJ-152070,14003,8845,1604
Kingsway Regional,NJ-152440,13558,7649,1522
Logan Twp,NJ-152750,18861,10773,1724
Mantua Twp,NJ-152990,14244,8718,1495
Monroe Twp,NJ-153280,14601,8525,1513
National Park Boro,NJ-153490,16202,10607,1250
Paulsboro Boro,NJ-154020,17110,9734,1890
Pitman Boro,NJ-154140,18842,11038,2110
South Harrison Twp,NJ-154880,12717,7598,1652
Delsea Regional H.S Dist.,NJ-154940,16040,8962,1536
Swedesboro-Woolwich,NJ-155120,15462,9504,2025
Washington Twp,NJ-155500,18362,10786,1833
Wenonah Boro,NJ-155590,19007,10610,2429
West Deptford Twp,NJ-155620,16781,10017,1598
Westville Boro,NJ-155740,15273,10498,1123
Woodbury City,NJ-155860,16150,9945,1600
Woodbury Heights Boro,NJ-155870,14652,10399,1585
Bayonne City,NJ-170220,16318,9442,1334
East Newark Boro,NJ-171200,16614,8139,2687
Guttenberg Town,NJ-171850,15196,8287,1521
Harrison Town,NJ-172060,16703,9833,2079
Hoboken City,NJ-172210,22230,11227,2174
Hudson County Vocational,NJ-172295,21999,11531,3244
Jersey City,NJ-172390,21234,12239,2078
Kearny Town,NJ-172410,17135,10804,2205
North Bergen Twp,NJ-173610,15021,9055,1970
Secaucus Town,NJ-174730,16409,9338,2230
Union City,NJ-175240,19758,10061,1788
Weehawken Twp,NJ-175580,21263,12560,1927
West New York Town,NJ-175670,16088,9434,1305
Alexandria Twp,NJ-190020,20139,11912,1940
Bethlehem Twp,NJ-190370,21147,11045,2142
Bloomsbury Boro,NJ-190430,24567,16036,2024
Califon Boro,NJ-190670,26600,17864,1812
Clinton-Glen Gardner,NJ-190910,20677,12127,1930
Clinton Twp,NJ-190920,22745,12506,1893
Delaware Twp,NJ-191040,21287,12793,1594
Delaware Valley Regional,NJ-191050,21960,10284,2145
East Amwell Twp,NJ-191160,22042,13121,2307
South Hunterdon Regional School District,NJ-191376,24980,14441,2352
Flemington-Raritan Reg,NJ-191510,19247,12355,2204
Franklin Twp,NJ-191600,23140,12635,2133
Frenchtown Boro,NJ-191680,23517,13595,2387
Hampton Boro,NJ-191970,25742,13722,1819
High Bridge Boro,NJ-192140,22899,14082,1721
Holland Twp,NJ-192220,20372,11768,1624
Hunterdon Central Reg,NJ-192300,21535,11946,1628
Hunterdon Co Vocational,NJ-192308,12967,8427,2255
Kingwood Twp,NJ-192450,18750,11663,1453
Lebanon Boro,NJ-192590,26009,14631,2515
Lebanon Twp,NJ-192600,21225,13031,1815
Milford Boro,NJ-193180,26218,15052,1828
North Hunterdon-Voorhees Regional,NJ-193660,24544,12613,2342
Readington Twp,NJ-194350,21534,12640,2299
Tewksbury Twp,NJ-195180,24582,13719,1963
Union Twp,NJ-195270,21761,11915,1895
East Windsor Regional,NJ-211245,17689,10647,1609
Ewing Twp,NJ-211430,19266,11500,2040
Hamilton Twp,NJ-211950,15278,9208,1672
Hopewell Valley Regional,NJ-212280,23092,14436,1770
Lawrence Twp,NJ-212580,19176,11078,1780
Mercer Co Special Services School District,NJ-213103,77625,44265,6454
Mercer County Vocational,NJ-213105,14187,5774,3182
Princeton,NJ-214255,22331,13023,2115
Trenton Public School District,NJ-215210,18679,9534,1934
Robbinsville Twp,NJ-215510,14536,8373,1777
W Windsor-Plainsboro Reg,NJ-215715,17262,10299,1633
Carteret Boro,NJ-230750,15576,10402,1508
Cranbury Twp,NJ-230970,25712,15590,2539
Dunellen Boro,NJ-231140,15101,8314,2108
East Brunswick Twp,NJ-231170,18416,10656,1920
Edison Twp,NJ-231290,13595,8726,1317
Highland Park Boro,NJ-232150,18868,10511,2226
Jamesburg Boro,NJ-232370,15066,9337,1857
Metuchen Boro,NJ-233120,16987,10413,1663
Middlesex Boro,NJ-233140,17008,10015,2102
Middlesex Co Vocational,NJ-233150,20102,9268,3628
Milltown Boro,NJ-233220,15822,9535,2223
Monroe Twp,NJ-233290,17301,10684,1609
New Brunswick City,NJ-233530,20351,11302,2014
North Brunswick Twp,NJ-233620,18528,11221,1790
Old Bridge Twp,NJ-233845,16723,10455,1421
Perth Amboy City,NJ-234090,34625,23622,2807
Piscataway Twp,NJ-234130,15256,8781,1512
Sayreville Boro,NJ-234660,15920,9675,1681
South Amboy City,NJ-234830,13577,8087,1962
South Brunswick Twp,NJ-234860,16442,9835,1779
South Plainfield Boro,NJ-234910,17097,10458,2136
South River Boro,NJ-234920,14780,8582,1626
Spotswood Boro,NJ-234970,15680,8941,1743
Woodbridge Twp,NJ-235850,16172,10153,1748
Asbury Park City,NJ-250100,32102,16953,2664
Avon Boro,NJ-250180,26630,15493,2528
Belmar Boro,NJ-250270,20511,12840,2231
Bradley Beach Boro,NJ-250500,26379,15391,2484
Brielle Boro,NJ-250560,19239,11131,1957
Colts Neck Twp,NJ-250945,23956,13796,2196
Deal Boro,NJ-251000,25163,14756,2360
Eatontown Boro,NJ-251260,20114,12155,1907
Fair Haven Boro,NJ-251440,17429,10873,1685
Henry Hudson Regional,NJ-251456,0,0,0
Farmingdale Boro,NJ-251490,19870,12463,1718
Freehold Boro,NJ-251640,17585,10932,1885
Freehold Regional,NJ-251650,15002,8858,1593
Freehold Twp,NJ-251660,20813,12353,2141
Hazlet Twp,NJ-252105,17924,10228,2064
Holmdel Twp,NJ-252230,20265,12139,1494
Howell Twp,NJ-252290,17844,10746,1885
Keansburg Boro,NJ-252400,17993,10434,1803
Keyport Boro,NJ-252430,18827,11350,2118
Little Silver Boro,NJ-252720,19753,11654,2244
Long Branch City,NJ-252770,19241,11065,1880
Manalapan-Englishtown Reg,NJ-252920,15500,9202,1630
Manasquan Boro,NJ-252930,20160,11388,2163
Marlboro Twp,NJ-253030,17938,10591,1985
Matawan-Aberdeen Regional,NJ-253040,18751,11392,1905
Middletown Twp,NJ-253160,17503,11237,1579
Millstone Twp,NJ-253200,21042,11780,2485
Monmouth Beach Boro,NJ-253250,22461,15351,2255
Monmouth Co Vocational,NJ-253260,19929,11796,2924
Monmouth Regional,NJ-253270,25995,13830,2250
Neptune City,NJ-253500,23625,12457,2729
Neptune Twp,NJ-253510,19846,11372,1898
Ocean Twp,NJ-253810,21604,12699,1981
Oceanport Boro,NJ-253830,21859,12991,2687
Red Bank Boro,NJ-254360,18560,11073,2021
Red Bank Regional,NJ-254365,19602,11285,1996
Roosevelt Boro,NJ-254520,21069,12961,1439
Rumson Boro,NJ-254570,20379,12666,1720
Rumson-Fair Haven Reg,NJ-254580,20967,10749,2026
Sea Girt Boro,NJ-254690,29592,19153,2218
Shore Regional,NJ-254760,25577,12628,2673
Shrewsbury Boro,NJ-254770,18932,12385,2104
Spring Lake Boro,NJ-254980,32097,17000,2725
Spring Lake Heights Boro,NJ-254990,19856,12077,2393
Tinton Falls,NJ-255185,19193,12111,1915
Union Beach,NJ-255230,13995,8873,1628
Upper Freehold Regional,NJ-255310,16545,9365,1723
Wall Twp,NJ-255420,22135,13115,2408
West Long Branch Boro,NJ-255640,20125,11577,2301
Loch Arbour School District,NJ-255645,0,0,0
Boonton Town,NJ-270450,20786,12252,1656
Boonton Twp,NJ-270460,22059,14290,2766
Butler Boro,NJ-270630,18404,10113,2199
Sch Dist of the Chathams,NJ-270785,18542,10900,2019
Chester Twp,NJ-270820,20447,11403,2573
Denville Twp,NJ-271090,19544,11864,1872
Dover Town,NJ-271110,16708,9334,1866
East Hanover Twp,NJ-271190,20638,11976,2316
Florham Park Boro,NJ-271530,21250,12227,2393
Hanover Park Regional,NJ-271990,25377,12524,2904
Hanover Twp,NJ-272000,21864,12265,2455
Harding Township,NJ-272010,29505,16139,3021
Jefferson Twp,NJ-272380,19606,11126,2098
Kinnelon Boro,NJ-272460,12750,7200,1295
Lincoln Park Boro,NJ-272650,16223,10781,1591
Madison Boro,NJ-272870,17875,10199,1931
Mendham Boro,NJ-273090,21302,11653,2770
Mendham Twp,NJ-273100,22087,13241,2229
Mine Hill Twp,NJ-273240,17529,9842,2776
Montville Twp,NJ-273340,20706,12579,2043
Morris County Vocational,NJ-273365,15272,9407,2026
Morris Hills Regional,NJ-273370,22509,12404,2346
Morris Plains Boro,NJ-273380,21798,13300,2479
Morris School District,NJ-273385,18810,10419,2004
Mount Arlington Boro,NJ-273410,23732,12814,2533
Mount Olive Twp,NJ-273450,18970,10337,2124
Mountain Lakes Boro,NJ-273460,24681,14969,2494
Netcong Boro,NJ-273520,17572,10367,2473
Parsippany-Troy Hills Twp,NJ-273950,19477,11062,1920
Long Hill Twp,NJ-274000,19523,10004,2071
Pequannock Twp,NJ-274080,18448,11211,1770
Randolph Twp,NJ-274330,19373,11272,2353
Riverdale Boro,NJ-274440,18780,11540,2432
Rockaway Boro,NJ-274480,20388,11628,1781
Rockaway Twp,NJ-274490,21448,12547,2131
Roxbury Twp,NJ-274560,19444,11297,2049
Washington Twp,NJ-275520,19662,12590,1603
West Morris Regional,NJ-275660,20571,10886,2463
Wharton Boro,NJ-275770,18826,12108,1963
Barnegat Twp,NJ-290185,16037,10823,1038
Bay Head Boro,NJ-290210,24912,13433,2333
Beach Haven Boro,NJ-290230,25981,13875,1850
Berkeley Twp,NJ-290320,14829,8981,1478
Brick Twp,NJ-290530,15822,9543,1267
Central Regional,NJ-290770,16202,9122,1600
Eagleswood Twp,NJ-291150,21918,14284,2192
Island Heights Boro,NJ-292350,21910,13561,2207
Jackson Twp,NJ-292360,16473,9721,1724
Lacey Twp,NJ-292480,17112,10682,1362
Lakehurst Boro,NJ-292500,17162,10560,2377
Lavallette Boro,NJ-292550,22738,12957,2259
Little Egg Harbor Twp,NJ-292690,16377,10532,1230
Long Beach Island,NJ-292760,32326,18014,2450
Manchester Twp,NJ-292940,18541,11406,1631
Ocean County Vocational,NJ-293790,12162,7015,2641
Ocean Gate Boro,NJ-293800,24927,15415,2331
Ocean Twp,NJ-293820,15845,8490,1635
Pinelands Regional,NJ-294105,19387,10404,1990
Plumsted Twp,NJ-294190,18150,10550,1954
Point Pleasant Boro,NJ-294210,14949,8599,1725
Point Pleasant Beach Boro,NJ-294220,22085,12243,2127
Seaside Heights Boro,NJ-294710,23078,13290,2029
Southern Regional,NJ-294950,19179,11138,1785
Stafford Twp,NJ-295020,15423,8896,1423
Toms River Regional,NJ-295190,15584,8747,1450
Tuckerton Boro,NJ-295220,18612,11394,1325
Bloomingdale Boro,NJ-310420,18994,10820,1685
Clifton City,NJ-310900,16074,9588,1559
Haledon Boro,NJ-311920,14630,9674,1836
Hawthorne Boro,NJ-312100,18238,10633,1601
Lakeland Regional,NJ-312510,23775,13010,2077
Little Falls Twp,NJ-312700,14773,9599,1796
North Haledon Boro,NJ-313640,11463,6698,1535
Passaic City,NJ-313970,22666,12875,2175
Passaic Co Manchester Reg,NJ-313980,17292,9972,1926
Passaic Valley Regional,NJ-313990,22554,12711,2151
Passaic County Vocational,NJ-313995,20800,10900,2422
Paterson City,NJ-314010,19231,10475,1994
Pompton Lakes Boro,NJ-314230,17862,10770,2002
Prospect Park Boro,NJ-314270,15767,9402,1790
Ringwood Boro,NJ-314400,21645,13504,1814
Totowa Boro,NJ-315200,14847,8882,2297
Wanaque Boro,NJ-315440,18841,12075,1933
Wayne Twp,NJ-315570,20648,12117,1724
West Milford Twp,NJ-315650,20474,12022,2081
Woodland Park,NJ-315690,16576,9643,1445
Alloway Twp,NJ-330060,13996,8556,1838
Elsinboro Twp,NJ-331350,18968,12193,2058
Lower Alloways Creek,NJ-332800,18487,11544,1994
Mannington Twp,NJ-332950,16917,11421,1446
Oldmans Twp,NJ-333860,15490,10094,1528
Penns Grv-Carneys Pt Reg,NJ-334070,16250,9335,2073
Pennsville,NJ-334075,17519,9904,1975
Pittsgrove Twp,NJ-334150,16450,8777,1726
Quinton Twp,NJ-334280,15201,9741,1539
Salem City,NJ-334630,16430,8706,1996
Salem Co Special Service,NJ-334635,49452,17908,12638
Salem County Vocational,NJ-334640,13116,7788,1990
Upper Pittsgrove Twp,NJ-335320,16650,10746,1523
Woodstown-Pilesgrove Reg,NJ-335910,14928,8906,1998
Bedminster Twp,NJ-350240,24592,14788,1943
Bernards Twp,NJ-350350,19604,11649,1824
Bound Brook Boro,NJ-350490,16680,9277,2442
Branchburg Twp,NJ-350510,22618,13342,2370
Bridgewater-Raritan Reg,NJ-350555,18847,11308,2070
Franklin Twp,NJ-351610,18887,10847,1960
Green Brook Twp,NJ-351810,19278,10967,2116
Hillsborough Twp,NJ-352170,16035,9629,1396
Manville Boro,NJ-353000,16099,8559,1812
Montgomery Twp,NJ-353320,18281,10816,1894
North Plainfield Boro,NJ-353670,17369,10466,1594
Somerset Co Vocational,NJ-354810,31450,15085,6473
Somerset Hills Regional,NJ-354815,20650,11294,2321
Somerville Boro,NJ-354820,19377,11411,2282
South Bound Brook,NJ-354850,17488,10063,2109
Warren Twp,NJ-355470,25578,15255,2145
Watchung Boro,NJ-355540,18924,11617,2054
Watchung Hills Regional,NJ-355550,21425,11525,2384
Andover Reg,NJ-370090,23269,11793,2365
Byram Twp,NJ-370640,16175,9542,1861
Frankford Twp,NJ-371560,20377,14155,1938
Franklin Boro,NJ-371570,20368,11923,1796
Fredon Twp,NJ-371630,21434,10629,2791
Green Twp,NJ-371800,21675,13935,2201
Hamburg Boro,NJ-371930,25546,15132,2155
Hampton Twp,NJ-371980,19521,11679,2235
Hardyston Twp,NJ-372030,18806,10345,2186
High Point Regional,NJ-372165,22407,11889,2083
Hopatcong,NJ-372240,20205,11464,1864
Kittatinny Regional,NJ-372465,22838,13730,2249
Lafayette Twp,NJ-372490,20170,13066,2206
Lenape Valley Regional,NJ-372615,21846,10813,2450
Montague Twp,NJ-373300,22413,11942,3633
Newton Town,NJ-373590,18268,10519,2220
Ogdensburg Boro,NJ-373840,17516,10002,1545
Sandyston-Walpack Twp,NJ-374650,22290,12821,2510
Sparta Twp,NJ-374960,18970,11369,1833
Stanhope Boro,NJ-375030,18210,10293,2234
Stillwater Twp,NJ-375040,20379,12439,2330
Sussex-Wantage Regional,NJ-375100,19756,12296,2042
Sussex County Vocational,NJ-375110,19980,9678,3062
Vernon Twp,NJ-375360,19552,10390,1897
Wallkill Valley Regional,NJ-375435,20026,10991,2422
Berkeley Heights Twp,NJ-390310,19993,11946,2078
Clark Twp,NJ-390850,15164,8785,1681
Cranford Twp,NJ-390980,17323,10192,1838
Elizabeth City,NJ-391320,18426,10595,1678
Garwood Boro,NJ-391710,16007,8780,2060
Hillside Twp,NJ-392190,18626,10228,2283
Kenilworth Boro,NJ-392420,18714,11861,1619
Linden City,NJ-392660,18704,11811,1804
Mountainside Boro,NJ-393470,16162,10252,1508
New Providence Boro,NJ-393560,16835,10190,2059
Plainfield City,NJ-394160,17667,10425,1583
Rahway City,NJ-394290,16140,9637,1876
Roselle Boro,NJ-394540,18347,11025,1812
Roselle Park Boro,NJ-394550,17383,10143,1722
Scotch Plains-Fanwood Reg,NJ-394670,15959,9753,1413
Springfield Twp,NJ-395000,16625,9411,1507
Summit City,NJ-395090,17640,11305,1872
Union County Vocational,NJ-395260,13563,8049,1762
Union Twp,NJ-395290,15985,9509,1682
Westfield Town,NJ-395730,17063,10265,1817
Winfield Twp,NJ-395810,25625,13893,2400
Allamuchy Twp,NJ-410030,17356,9594,2249
Alpha Boro,NJ-410070,19251,12723,2022
Belvidere Town,NJ-410280,19460,11684,2259
Blairstown Twp,NJ-410400,17802,10670,1663
Franklin Twp,NJ-411620,22472,13402,2629
Frelinghuysen Twp,NJ-411670,17233,9631,1665
Great Meadows Regional,NJ-411785,16164,9237,1603
Greenwich Twp,NJ-411840,14073,9366,1205
Hackettstown,NJ-411870,17396,10142,1534
Harmony Twp,NJ-412040,25909,16627,2442
Hope Twp,NJ-412250,24251,14386,2686
Knowlton Twp,NJ-412470,20148,11730,2120
Lopatcong Twp,NJ-412790,14197,9226,1522
Mansfield Twp,NJ-412970,17610,12014,1770
North Warren Regional,NJ-413675,20351,10618,2133
Oxford Twp,NJ-413890,18761,11205,2003
Phillipsburg Town,NJ-414100,18095,11206,1723
Pohatcong Twp,NJ-414200,18371,11505,1892
Warren Co Special Service,NJ-415450,0,0,0
Warren County Vocational,NJ-415460,19782,10624,4047
Warren Hills Regional,NJ-415465,19472,10854,1994
Washington Boro,NJ-415480,15743,9848,1106
Washington Twp,NJ-415530,19627,10890,2341
White Twp,NJ-415780,20319,13102,2015
