ST_LEAID,SchoolYear,GradePK,GradeKG,Grade01,Grade02,Grade03,Grade04,Grade05,Grade06,Grade07,Grade08,Grade09,Grade10,Grade11,Grade12,UNGRADED,TotalEnrollment,ELA_ME_District,MATH_ME_District,Chronic_Abs_Pct
NJ-010010,2014-2015,0,69,100,93,91,95,109,85,84,84,0,0,0,0,18,828,51,34,7
NJ-010110,2014-2015,341,570,634,597,561,491,483,477,456,433,644,521,452,384,216,7260,27,30,13
NJ-010120,2014-2015,0,0,0,0,0,0,0,0,0,0,402,346,328,263.5,0,1339.5,38,15,NA
NJ-010125,2014-2015,3,6,4,6,6,2,7,8,7,10,9,8,4,26,305,411,NA,NA,NA
NJ-010570,2014-2015,49,64,73,66,73,75,64,61,78,62,0,0,0,0,22,687,41,31,13
NJ-010590,2014-2015,45,73,68,93,140,113,124,129,144,133,138,161,195,166,108,1830,22,42,11
NJ-011300,2014-2015,57,46,49,56,51,41,49,38,29,55,0,0,0,0,31,502,21,18,17
NJ-011310,2014-2015,103,433,490,515,524,591,551,568,618,626,579,576,590,593,209,7566,44,38,7
NJ-011410,2014-2015,0,11,17,24,18,14,19,18,20,21,0,0,0,0,1,163,50,56,12
NJ-011540,2014-2015,17,35,38,48,40,48,52,45,52,44,0,0,0,0,0,419,38,34,2
NJ-011690,2014-2015,32,343,310,332,306,331,335,332,366,368,0,0,0,0,220,3275,51,49,6
NJ-011790,2014-2015,0,0,0,0,0,0,0,0,0,0,835,816,825,774,62,3312,28,15,NA
NJ-011940,2014-2015,139,305,300,336,294,319,359,315,318,329,0,0,0,0,88,3102,44,41,10
NJ-011960,2014-2015,122,197,169,194,190,204,204,193,309,329,312,355,357,308,157,3600,45,35,8
NJ-012680,2014-2015,20,71,80,93,90,85,96,103,101,106,0,0,0,0,15,860,81,71,4
NJ-012910,2014-2015,0,0,0,0,0,0,0,0,0,0,314,366,298,328.5,49,1355.5,45,17,NA
NJ-013020,2014-2015,1,44,47,45,44,46,46,45,56,49,0,0,0,0,1,424,72,64,7
NJ-013480,2014-2015,62,67,85,80,76,65,84,80,88,79,0,0,0,0,8,774,38,26,7
NJ-013720,2014-2015,0,90,94,95,92,96,100,112,103,117,0,0,0,0,28,927,51,51,4
NJ-014180,2014-2015,581,351,345,286,267,272,270,247,252,246,188,208,170,180,3,3866,21,25,31
NJ-014240,2014-2015,0,13,16,15,14,12,18,9,13,20,0,0,0,0,0,130,47,40,16
NJ-014800,2014-2015,89,112,99,106,105,99,96,87,89,105,0,0,0,0,29,1016,32,24,9
NJ-015350,2014-2015,50,67,80,91,75,81,75,87,84,88,0,0,0,0,0,778,52,49,9
NJ-015760,2014-2015,18,17,20,14,23,14,17,13,21,20,0,0,0,0,4,181,44,51,14
NJ-030040,2014-2015,17,81,72,87,94,115,102,108,108,117,0,0,0,0,0,901,80,74,2
NJ-030080,2014-2015,0,13,20,14,19,19,21,18,12,19,0,0,0,0,0,155,88,64,4
NJ-030285,2014-2015,10,10,7,11,6,16,8,6,20,15,26,20,22,55,497.5,729.5,NA,NA,NA
NJ-030290,2014-2015,0,0,0,0,0,0,0,0,0,0,519.5,528.5,519.5,535.5,4,2107,93,89,NA
NJ-030300,2014-2015,23,215,219,238,247,213,228,238,246,235,321,289,288.5,281.5,158,3440,56,45,4
NJ-030440,2014-2015,20,77,65,76,78,85,92,84,88,86,62,89,81,79.5,26,1088.5,48,42,6
NJ-030740,2014-2015,19,44,68,52,57,70,54,63,72,61,0,0,0,0,10,570,53,35,10
NJ-030745,2014-2015,0,0,0,0,0,0,0,0,0,0,132,115.5,106.5,134.5,0,488.5,42,16,NA
NJ-030890,2014-2015,89,237,190,165,182,178,170,164,166,165,301,249,267,238,206.5,2967.5,45,40,22
NJ-030930,2014-2015,17,98,107,107,105,109,125,121,132,158,0,0,0,0,32,1111,85,80,39
NJ-030990,2014-2015,16,127,117,121,111,133,143,137,136,139,149,121,136.5,121.5,58,1766,73,54,3
NJ-031070,2014-2015,0,55,66,83,78,70,84,83,77,78,0,0,0,0,4,678,82,76,3
NJ-031130,2014-2015,33,168,182,180,174,186,192,215,204,204,193,220,199.5,193,25,2568.5,66,53,5
NJ-031230,2014-2015,28,85,81,83,72,87,74,89,66,67,0,0,0,0,40,772,60,44,6
NJ-031270,2014-2015,89,135,158,138,105,97,97,78,0,0,0,0,0,0,16,913,62,57,5
NJ-031345,2014-2015,14,87,202,221,185,182,189,175,195,160,203,154,171.5,183,96,2417.5,47,33,8
NJ-031360,2014-2015,49,85,72,72,89,77,78,84,91,83,89,102,103,91,39,1204,62,35,2
NJ-031370,2014-2015,199,202,194,190,177,179,170,191,203,189,272,279,262,258,127,3092,46,26,7
NJ-031380,2014-2015,32,61,70,53,76,57,58,53,48,39,0,0,0,0,0,547,78,71,4
NJ-031450,2014-2015,0,243,332,344,319,338,356,362,351,346,337,327.5,378,360,307.5,4701,65,58,3
NJ-031470,2014-2015,64,172,152,147,147,107,122,131,114,119,0,0,0,0,36,1311,34,20,8
NJ-031550,2014-2015,47,324,358,327,309,280,308,264,254,279,236,243,246,257,3,3735,66,59,7
NJ-031580,2014-2015,32,101,96,116,107,146,134,150,138,155,0,0,0,0,49,1224,77,69,5
NJ-031700,2014-2015,516,368,398,349,361,314,285,318,301,277,287,209,255,230.5,346,4814.5,37,39,10
NJ-031760,2014-2015,0,162,189,177,176,168,183,217,163,194,200,160,195.5,187.5,16,2388,65,61,4
NJ-031860,2014-2015,164,454,434,387,363,322,336,335,336,340,491.5,439,399.5,446.5,379,5626.5,36,34,14
NJ-032050,2014-2015,0,53,63,49,79,62,72,83,84,88,0,0,0,0,4,637,67,70,2
NJ-032080,2014-2015,0,122,125,150,160,148,155,150,135,141,134.5,164,130,125,32,1871.5,53,41,3
NJ-032090,2014-2015,0,36,41,42,48,42,44,49,53,52,0,0,0,0,0,407,78,67,3
NJ-032180,2014-2015,23,108,123,108,124,134,149,155,131,182,0,0,0,0,13,1250,68,54,5
NJ-032200,2014-2015,17,64,74,69,67,67,84,70,68,58,0,0,0,0,2,640,79,70,3
NJ-032620,2014-2015,18,96,87,108,104,101,110,103,191,174,163,149,176.5,173,79,1832.5,68,56,4
NJ-032710,2014-2015,31,91,100,103,105,98,89,108,111,112,0,0,0,0,32,980,48,35,8
NJ-032740,2014-2015,134,246,247,241,231,219,227,251,222,233,205.5,241.5,249,236,61,3244,46,36,10
NJ-032860,2014-2015,52,160,178,145,178,177,156,168,174,165,183,185.5,174.5,177.5,113,2386.5,47,37,7
NJ-032900,2014-2015,33,175,223,197,207,208,230,239,273,237,238,246,223,250.5,73,3052.5,74,65,5
NJ-033060,2014-2015,15,88,114,104,88,114,114,87,93,89,0,0,0,0,37,943,66,61,4
NJ-033170,2014-2015,24,52,72,68,57,68,86,76,78,93,67,84,77,81,8,991,66,37,4
NJ-033330,2014-2015,24,105,117,86,116,107,129,126,116,126,0,0,0,0,4,1056,78,62,3
NJ-033350,2014-2015,16,28,28,27,29,29,31,29,23,31,0,0,0,0,14,285,45,38,11
NJ-033550,2014-2015,0,139,131,139,134,153,169,127,166,156,155,156.5,170.5,134.5,53,1983.5,67,46,4
NJ-033600,2014-2015,14,149,151,151,133,104,135,139,117,110,116,119,128,117,47,1730,55,41,8
NJ-033700,2014-2015,0,0,0,0,0,0,0,0,0,0,331,352,337.5,351.5,0,1372,56,47,NA
NJ-033710,2014-2015,0,0,0,0,0,0,0,0,0,0,578,543,613,601,196,2531,46,37,NA
NJ-033730,2014-2015,0,47,50,47,46,51,51,60,86,60,0,0,0,0,11,509,68,63,4
NJ-033740,2014-2015,0,56,58,61,56,64,69,77,53,77,0,0,0,0,15,586,73,60,5
NJ-033760,2014-2015,0,108,131,128,156,159,219,176,200,232,0,0,0,0,42,1551,70,63,5
NJ-033850,2014-2015,0,81,64,66,65,72,89,100,101,97,0,0,0,0,3,738,75,68,1
NJ-033870,2014-2015,7,84,103,113,90,114,106,108,0,0,0,0,0,0,7,732,71,70,4
NJ-033910,2014-2015,0,151,168,147,119,112,127,98,106,93,111,112,112,101,46,1603,52,37,9
NJ-033930,2014-2015,102,214,249,247,243,275,325,281,303,338,277,304.5,322.5,311,125,3917,59,53,4
NJ-033940,2014-2015,26,94,87,89,84,85,103,110,86,100,96,101,101,99,10,1271,66,57,5
NJ-033960,2014-2015,0,0,0,0,0,0,0,0,0,0,495,528,481.5,494,29,2027.5,49,39,NA
NJ-034300,2014-2015,0,0,0,0,0,0,0,0,0,0,583,600.5,563,545.5,21,2313,56,37,NA
NJ-034310,2014-2015,27,191,163,200,192,198,238,236,241,266,193,206,223,226,55,2855,67,55,4
NJ-034370,2014-2015,34,88,118,119,107,104,95,127,114,127,112,110,111,147,216,1729,54,54,11
NJ-034380,2014-2015,0,133,149,156,162,145,145,127,155,145,261.5,217.5,233,206.5,113,2348.5,52,31,1
NJ-034390,2014-2015,0,334,373,414,421,434,478,440,456,466,437,423,422,415,160.5,5673.5,78,69,4
NJ-034405,2014-2015,0,0,0,0,0,0,0,0,291,314,230.5,282.5,250,270.5,33,1671.5,53,62,3
NJ-034410,2014-2015,21,167,145,160,145,172,169,176,0,0,0,0,0,0,47,1202,75,73,3
NJ-034430,2014-2015,10,102,124,138,116,129,135,150,165,151,0,0,0,0,3,1223,78,63,2
NJ-034470,2014-2015,21,52,49,55,51,49,47,47,49,40,0,0,0,0,5,465,60,47,8
NJ-034600,2014-2015,0,167,175,199,203,193,180,198,197,212,173,176.5,194,198,36,2501.5,67,52,2
NJ-034610,2014-2015,23,101,112,135,114,122,119,142,148,136,104,138,124.5,96.5,53,1668,45,43,5
NJ-034620,2014-2015,20,23,22,18,29,41,33,0,0,0,0,0,0,0,1,187,83,75,6
NJ-034845,2014-2015,27,7,6,3,3,1,1,1,2,2,4,4,1,4,245,311,NA,NA,NA
NJ-034870,2014-2015,21,20,29,26,22,23,34,26,21,29,0,0,0,0,0,251,58,40,6
NJ-035150,2014-2015,5,210,185,225,239,247,222,246,241,272,308,326,339,305,244,3614,45,37,2
NJ-035160,2014-2015,2,213,236,249,255,299,303,276,289,275,286,282,297,290,45,3597,71,58,2
NJ-035330,2014-2015,12,110,109,111,129,146,153,162,158,158,0,0,0,0,0,1248,80,78,3
NJ-035410,2014-2015,13,126,109,125,120,110,132,114,116,101,126,107.5,110,111,62,1582.5,65,57,5
NJ-035430,2014-2015,0,113,118,95,102,93,105,92,91,94,77.5,87.5,91,94.5,27,1280.5,43,36,8
NJ-035755,2014-2015,21,187,201,194,210,200,202,216,215,219,242,178.5,177.5,195.5,62,2720.5,63,54,5
NJ-035830,2014-2015,50,73,74,83,73,84,95,88,0,0,97.5,83,92,99,6,997.5,51,38,3
NJ-035880,2014-2015,16,65,70,79,87,84,92,96,75,98,0,0,0,0,3,765,78,73,2
NJ-035920,2014-2015,23,189,200,214,207,247,229,287,261,236,0,0,0,0,6,2099,73,65,4
NJ-050200,2014-2015,8,16,12,16,16,11,21,15,0,0,0,0,0,0,0,115,32,38,16
NJ-050380,2014-2015,45,40,24,38,35,21,29,31,17,17,0,0,0,0,0,297,37,12,15
NJ-050475,2014-2015,0,196,205,161,195,180,195,187,210,180,183,184,190,184,111,2561,48,43,5
NJ-050600,2014-2015,190,137,113,118,97,87,97,112,95,90,140,120,113,107,86,1702,28,18,10
NJ-050605,2014-2015,5,3,8,4,5,8,11,9,11,14,12,11,14,21,302,438,NA,NA,NA
NJ-050610,2014-2015,0,0,0,0,0,0,0,0,0,0,499,527,519,511,0,2056,21,15,NA
NJ-050620,2014-2015,31,241,272,291,265,280,297,274,344,284,328,329,299,324,128,3987,45,38,7
NJ-050830,2014-2015,23,99,114,112,88,109,106,75,0,0,0,0,0,0,2,728,70,63,5
NJ-050840,2014-2015,27,153,181,171,166,179,171,199,183,183,199,204,178,173.5,45,2412.5,52,36,7
NJ-051030,2014-2015,0,38,45,49,40,49,47,44,48,27,0,0,0,0,0,387,41,29,6
NJ-051060,2014-2015,24,239,240,198,219,200,245,225,208,237,216,228,213,196,91,2979,41,34,6
NJ-051250,2014-2015,0,56,65,66,57,59,66,68,74,73,0,0,0,0,9,593,45,40,6
NJ-051280,2014-2015,40,91,92,97,78,83,85,74,91,78,0,0,0,0,54,863,43,42,10
NJ-051420,2014-2015,33,351,472,440,462,470,491,489,547,531,0,0,0,0,262,4548,57,51,6
NJ-051520,2014-2015,0,101,87,124,117,152,130,136,128,130,105,113,118,95,62,1598,40,36,9
NJ-051910,2014-2015,23,54,59,57,76,70,88,61,71,78,0,0,0,0,15,652,59,56,6
NJ-052610,2014-2015,0,0,0,0,0,0,0,0,0,0,1612,1701,1665,1640,223,6841,43,23,NA
NJ-052850,2014-2015,0,125,126,137,148,167,152,184,156,209,0,0,0,0,66,1470,54,50,6
NJ-052960,2014-2015,9,74,74,82,95,108,111,96,0,0,0,0,0,0,9,658,70,63,6
NJ-053010,2014-2015,0,184,215,189,156,161,159,138,138,140,112,112,116,110,296,2226,41,23,8
NJ-053070,2014-2015,13,40,41,63,64,50,64,64,61,63,0,0,0,0,13,536,61,44,6
NJ-053080,2014-2015,38,211,278,250,297,303,342,329,323,341,0,0,0,0,19,2731,68,60,5
NJ-053360,2014-2015,58,210,227,267,258,279,293,297,308,337,320,358,321,325,66,3924,64,54,4
NJ-053430,2014-2015,49,96,101,87,115,103,117,74,104,89,0,0,0,0,52,987,45,37,10
NJ-053440,2014-2015,45,338,458,410,448,445,475,490,484,465,0,0,0,0,157,4215,57,54,5
NJ-053540,2014-2015,16,22,27,20,11,16,23,15,17,16,0,0,0,0,0,183,47,24,14
NJ-053650,2014-2015,124,155,169,156,171,159,140,131,0,0,0,0,0,0,22,1227,44,37,8
NJ-053690,2014-2015,0,0,0,0,0,0,0,0,398,359,351,344,323,334,4,2113,37,35,7
NJ-053920,2014-2015,6,73,83,69,68,72,56,52,52,50,72,62,97,75,50,937,38,27,9
NJ-054050,2014-2015,602,384,356,410,361,366,330,382,324,368,319,275,228,217,126,5048,29,28,12
NJ-054320,2014-2015,0,0,0,0,0,0,0,0,0,0,623,513,450,467,24,2077,22,23,NA
NJ-054450,2014-2015,74,114,115,103,94,98,75,98,89,86,110,110,109,107,5,1387,26,28,13
NJ-054460,2014-2015,0,36,38,30,34,28,32,25,32,23,0,0,0,0,0,278,67,63,2
NJ-054740,2014-2015,0,68,67,84,91,75,101,106,98,103,0,0,0,0,5,798,49,45,7
NJ-054930,2014-2015,0,73,73,79,76,74,77,73,75,97,0,0,0,0,29,726,57,47,0
NJ-055010,2014-2015,0,33,28,27,35,36,33,37,0,0,0,0,0,0,1,230,60,39,7
NJ-055130,2014-2015,9,72,73,84,61,98,89,97,97,78,0,0,0,0,18,776,43,38,5
NJ-055490,2014-2015,7,7,8,8,4,7,0,0,0,0,0,0,0,0,0,41,NA,NA,NA
NJ-055720,2014-2015,14,73,96,109,100,102,109,120,117,89,0,0,0,0,28,957,51,41,6
NJ-055805,2014-2015,198,282,305,309,297,297,279,289,223,225,174,209,164,181,315,3747,28,22,17
NJ-055890,2014-2015,6,15,10,21,20,18,12,21,12,15,0,0,0,0,2,152,37,33,17
NJ-070150,2014-2015,13,67,84,100,88,73,87,108,87,92,162,181,171,176,52,1541,53,32,6
NJ-070190,2014-2015,0,61,67,66,81,72,74,40,70,61,0,0,0,0,19,611,43,36,5
NJ-070260,2014-2015,77,122,124,115,126,124,104,89,115,105,0,0,0,0,58,1159,43,39,10
NJ-070330,2014-2015,13,79,72,108,89,91,94,79,101,108,0,0,0,0,13,847,51,44,8
NJ-070340,2014-2015,31,73,85,75,63,58,63,41,63,56,0,0,0,0,26,634,43,44,12
NJ-070390,2014-2015,0,0,0,0,0,0,0,0,0,0,898,963,946,885,94,3786,21,NA,NA
NJ-070580,2014-2015,23,40,23,42,34,31,30,35,33,48,0,0,0,0,0,339,33,23,8
NJ-070680,2014-2015,915,688,718,717,692,625,630,599,494,512,561,483,402,378,945,9359,18,13,22
NJ-070700,2014-2015,0,0,0,0,0,0,0,0,0,0,564,582,497,474,1,2118,34,NA,NA
NJ-070800,2014-2015,274,572,738,763,784,797,790,865,847,869,873,929,916,833,339,11189,62,54,7
NJ-070880,2014-2015,26,42,51,55,39,43,39,39,33,46,0,0,0,0,21,434,61,47,12
NJ-070940,2014-2015,41,141,115,150,120,116,112,116,116,101,183,193,168,160,45,1877,52,37,8
NJ-071255,2014-2015,0,0,0,0,0,0,0,0,0,0,468,530,505,497,14,2014,27,26,NA
NJ-071720,2014-2015,14,32,32,26,25,33,19,31,22,29,0,0,0,0,7,270,54,60,6
NJ-071770,2014-2015,270,129,170,151,130,134,119,99,109,100,114,143,137,117,142,2064,41,32,13
NJ-071780,2014-2015,0,580,612,650,663,705,705,747,768,796,0,0,0,0,262,6488,40,35,8
NJ-071799,2014-2015,0,104,0,0,0,0,0,0,0,0,0,0,0,0,0,104,NA,NA,NA
NJ-071801,2014-2015,0,70,0,0,0,0,0,0,0,0,0,0,0,0,0,70,NA,NA,NA
NJ-071802,2014-2015,0,72,64,68,66,49,49,0,0,0,0,0,0,0,0,368,NA,NA,NA
NJ-071880,2014-2015,14,67,55,95,73,66,94,55,64,60,159,146,158,168,13,1287,48,46,7
NJ-071890,2014-2015,69,156,153,129,126,129,111,139,118,129,121,136,140,150,311,2117,44,41,10
NJ-071900,2014-2015,68,162,161,186,186,193,203,208,213,197,187,203,190,191,45,2593,71,56,5
NJ-072540,2014-2015,13,26,35,28,33,23,26,27,0,0,0,0,0,0,0,211,41,36,7
NJ-072560,2014-2015,24,22,33,36,31,29,25,26,25,23,0,0,0,0,0,274,35,30,13
NJ-072670,2014-2015,139,270,255,240,214,221,185,190,172,160,185,139,131,100,29,2630,24,22,10
NJ-072890,2014-2015,18,55,43,36,47,37,46,46,40,49,0,0,0,0,0,417,42,24,11
NJ-073110,2014-2015,22,43,39,33,33,39,40,42,36,43,0,0,0,0,1,371,49,42,8
NJ-073420,2014-2015,17,45,57,44,37,39,49,49,38,40,0,0,0,0,10,425,47,46,5
NJ-073770,2014-2015,0,46,44,34,51,33,24,39,34,38,24,0,0,0,15,382,34,28,8
NJ-074060,2014-2015,6,336,363,356,350,344,341,348,311,359,328,323,350,336,472,4923,25,29,10
NJ-074110,2014-2015,72,138,128,149,122,126,116,97,120,118,190,191,150,188,32,1937,40,34,10
NJ-074590,2014-2015,43,85,84,94,71,88,90,89,102,95,0,0,0,0,3,844,34,30,10
NJ-074790,2014-2015,0,61,51,61,45,52,65,56,55,54,0,0,0,0,0,500,50,36,5
NJ-075035,2014-2015,0,0,0,0,0,0,0,0,0,0,260,239,221,227,14,961,28,11,NA
NJ-075080,2014-2015,14,91,76,77,69,78,70,72,92,120,0,0,0,0,99,858,53,42,9
NJ-075400,2014-2015,43,250,272,312,288,335,340,342,355,393,0,0,0,0,62,2992,66,54,8
NJ-075560,2014-2015,43,105,94,107,114,111,108,147,0,0,0,0,0,0,49,878,29,20,8
NJ-075820,2014-2015,197,336,387,340,366,339,382,364,321,383,404,292,308,267,181,4867,35,27,4
NJ-075900,2014-2015,24,43,38,43,41,31,38,42,34,45,0,0,0,0,3,382,36,26,7
NJ-090170,2014-2015,0,0,0,0,0,0,11,13,13,13,0,0,0,0,0,50,79,58,10
NJ-090710,2014-2015,40,25,17,23,23,14,18,15,0,0,0,0,0,0,0,175,57,37,16
NJ-090715,2014-2015,13,4,4,1,5,3,2,6,6,5,18,18,21,48,101.5,255.5,NA,NA,NA
NJ-090720,2014-2015,0,0,0,0,0,0,0,0,0,0,146,139.5,143,154.5,65.5,648.5,22,NA,NA
NJ-091080,2014-2015,18,47,48,48,49,48,64,71,68,66,0,0,0,0,0,527,52,52,11
NJ-092820,2014-2015,0,0,0,0,0,0,0,0,256,250,246,217,194.5,221.5,42,1427,30,25,13
NJ-092840,2014-2015,186,210,237,231,206,220,222,205,0,0,0,0,0,0,90,1807,42,35,7
NJ-093130,2014-2015,137,198,161,158,168,163,161,159,186,196,179,168.5,183.5,174.5,98,2490.5,31,28,10
NJ-093680,2014-2015,25,30,37,22,35,32,27,29,34,33,0,0,0,0,0,304,44,46,18
NJ-093780,2014-2015,0,86,93,89,102,97,97,100,89,109,319,315,302,312.5,40,2150.5,41,42,6
NJ-095060,2014-2015,0,11,16,16,14,11,0,0,0,0,0,0,0,0,0,68,57,43,12
NJ-095340,2014-2015,41,150,143,131,152,145,153,153,167,146,0,0,0,0,23,1404,64,62,7
NJ-095610,2014-2015,5,17,12,10,10,10,7,9,0,0,0,0,0,0,0,80,NA,NA,11
NJ-095790,2014-2015,57,72,64,78,62,51,58,50,52,47,65,65,53,62,34,870,20,17,12
NJ-095800,2014-2015,29,24,21,30,20,26,29,24,26,22,0,0,0,0,3,254,66,42,10
NJ-095840,2014-2015,21,21,19,15,25,13,14,16,21,14,0,0,0,0,2,181,37,25,4
NJ-110540,2014-2015,399,515,522,514,479,435,401,365,333,344,381,265,184,181,251,5569,19,19,7
NJ-110950,2014-2015,51,73,46,51,62,87,10,44,50,62,0,0,0,0,21,557,25,16,16
NJ-110995,2014-2015,0,0,0,0,0,0,0,0,0,0,0,12.5,142,122.5,70.5,347.5,NA,NA,NA
NJ-110997,2014-2015,0,0,0,0,0,0,0,0,0,0,358,339,287,296.5,16,1296.5,28,15,NA
NJ-111020,2014-2015,26,30,33,22,33,45,46,29,30,46,0,0,0,0,0,340,32,24,5
NJ-111120,2014-2015,26,19,19,15,15,18,16,15,20,18,0,0,0,0,10,191,25,33,10
NJ-111460,2014-2015,116,67,60,74,65,42,39,53,55,54,0,0,0,0,3,628,19,13,11
NJ-111820,2014-2015,0,4,6,9,8,4,7,4,7,4,0,0,0,0,0,53,NA,NA,8
NJ-112270,2014-2015,0,56,66,63,39,59,38,58,60,55,0,0,0,0,2,496,44,43,9
NJ-112570,2014-2015,37,47,48,52,43,46,47,54,54,68,0,0,0,0,0,496,41,38,9
NJ-113050,2014-2015,26,34,45,54,44,39,41,46,40,52,0,0,0,0,3,424,38,30,14
NJ-113230,2014-2015,607,354,361,367,311,336,326,337,359,366,484,455,400,397.5,252,5712.5,29,25,14
NJ-115070,2014-2015,0,13,11,12,7,14,10,18,11,15,0,0,0,0,0,111,40,40,7
NJ-115300,2014-2015,63,109,101,83,102,75,99,84,89,76,0,0,0,0,32,913,28,27,11
NJ-115390,2014-2015,446,796,781,763,735,719,658,645,624,640,669,604.5,508.5,498.5,583.5,9671,29,26,14
NJ-130250,2014-2015,0,393,361,459,301,361,306,338,348,318,326,402,370.5,41,143.5,4468,34,28,5
NJ-130410,2014-2015,0,451,501,506,439,465,460,432,413,473,487,443,508,431,166,6175,45,41,7
NJ-130660,2014-2015,22,170,166,225,201,192,225,212,202,210,215.5,190,197.5,198.5,17,2643.5,56,45,7
NJ-130760,2014-2015,0,111,127,113,132,123,133,138,132,145,140,116.5,113.5,107,6,1637,63,44,3
NJ-131210,2014-2015,600,769,770,736,671,664,643,607,591,600,619.5,537.5,525,503.5,713,9549.5,31,22,20
NJ-131387,2014-2015,0,0,1,0,0,0,3,0,1,3,0,0,1,0,3,12,NA,NA,NA
NJ-131390,2014-2015,0,0,0,0,0,0,0,0,0,0,546.5,544.5,477.5,444,227.5,2240,47,13,NA
NJ-131400,2014-2015,25,29,28,21,22,24,23,37,0,0,0,0,0,0,0,209,91,89,6
NJ-131465,2014-2015,21,75,65,87,90,86,96,95,0,0,0,0,0,0,8,623,61,52,5
NJ-131750,2014-2015,4,133,147,140,139,148,149,139,138,144,132,141.5,130,131.5,34,1850,80,63,6
NJ-132330,2014-2015,553,654,644,614,594,513,495,424,404,400,418,294,303.5,312.5,265,6888,21,21,19
NJ-132730,2014-2015,13,377,406,415,444,451,440,468,472,439,479,449,453,460.5,104,5870.5,73,64,2
NJ-133190,2014-2015,46,320,342,403,348,397,393,352,393,372,364,358,384,355,42,4869,76,64,5
NJ-133310,2014-2015,0,477,493,524,535,523,518,547,535,524,482,501,481,472,1,6613,67,57,8
NJ-133570,2014-2015,943,1137,2663,2736,2672,2439,2260,2184,2263,2347,1743,2047,1797,1958,2660,31849,29,28,20
NJ-133630,2014-2015,24,82,95,85,91,94,91,88,0,0,0,0,0,0,8,658,82,73,4
NJ-133750,2014-2015,13,288,289,312,259,252,301,299,288,307,303,318,302,302,159.5,3992.5,55,44,7
NJ-133880,2014-2015,344,457,410,431,444,375,352,338,357,298,275,276.5,236,268,274,5135.5,26,20,10
NJ-134530,2014-2015,24,57,54,55,60,54,61,73,0,0,0,0,0,0,0,438,68,64,4
NJ-134900,2014-2015,16,543,566,568,534,535,506,547,529,511,546.5,446,454,446.5,110.5,6858.5,56,50,4
NJ-135370,2014-2015,35,125,157,150,172,148,158,204,195,166,157,148,148,165,35,2163,64,47,3
NJ-135630,2014-2015,0,0,0,0,0,0,0,0,287,292,243,297,268.5,250.5,8,1646,42,36,3
NJ-135680,2014-2015,28,501,502,488,479,476,511,525,439,462,507,499.5,497.5,436,376,6727,52,42,6
NJ-150860,2014-2015,96,101,109,102,126,108,112,94,105,104,110,85,99,76,20,1447,40,33,6
NJ-150870,2014-2015,0,0,0,0,0,0,0,0,392,416,384,407,422,402,33,2456,44,39,8
NJ-151100,2014-2015,200,331,322,370,292,314,340,338,299,289,252,294,231,241.5,207,4320.5,39,38,10
NJ-151180,2014-2015,18,174,166,182,167,176,164,143,0,0,0,0,0,0,53,1243,61,53,2
NJ-151330,2014-2015,23,47,43,55,53,37,49,44,0,0,0,0,0,0,0,351,39,34,14
NJ-151590,2014-2015,0,193,192,192,203,213,195,163,0,0,0,0,0,0,38,1389,50,45,6
NJ-151715,2014-2015,0,0,0,0,0,0,0,0,166,153,149,166,184,141.5,0,959.5,23,16,NA
NJ-151730,2014-2015,120,178,169,169,157,126,135,158,112,122,150,150,150,154,76,2126,28,33,8
NJ-151774,2014-2015,8,3,9,2,12,9,7,18,13,8,6,20,26,38,482,661,NA,NA,NA
NJ-151775,2014-2015,0,0,0,0,0,0,0,0,0,0,343,321,338,336,1,1339,32,16,NA
NJ-151830,2014-2015,0,52,46,54,49,32,44,51,48,51,0,0,0,0,39,466,46,39,8
NJ-152070,2014-2015,21,166,206,188,217,221,228,208,0,0,0,0,0,0,29,1484,60,56,6
NJ-152440,2014-2015,0,0,0,0,0,0,0,0,432,435,447.5,420.5,383.5,373.5,39,2531,45,28,4
NJ-152750,2014-2015,43,88,100,71,93,77,81,86,87,83,0,0,0,0,21,830,62,56,3
NJ-152990,2014-2015,58,137,156,145,183,180,173,206,0,0,0,0,0,0,52,1290,52,49,6
NJ-153280,2014-2015,9,354,418,445,432,446,429,492,470,494,520,425,438,433,241,6046,41,33,8
NJ-153490,2014-2015,34,36,24,28,36,36,39,38,0,0,0,0,0,0,0,271,35,28,16
NJ-154020,2014-2015,52,100,91,76,64,71,69,74,71,68,93,92,81,84,70,1156,16,21,20
NJ-154140,2014-2015,7,26,81,88,106,79,90,129,106,82,92,90,114,97,56,1243,37,36,7
NJ-154880,2014-2015,0,42,43,48,50,62,53,54,0,0,0,0,0,0,19,371,60,53,5
NJ-154940,2014-2015,0,0,0,0,0,0,0,0,229,260,314,255,259,275,108,1700,34,34,6
NJ-155120,2014-2015,40,171,221,226,242,235,235,215,0,0,0,0,0,0,159,1744,55,40,3
NJ-155500,2014-2015,127,381,515,491,551,526,631,607,593,623,584,615,578,598,15,7435,42,34,5
NJ-155590,2014-2015,0,22,29,35,25,28,36,31,0,0,0,0,0,0,2,208,66,56,5
NJ-155620,2014-2015,1,180,206,206,206,219,229,245,208,263,232,234,235,213.5,132,3009.5,43,32,8
NJ-155740,2014-2015,28,50,49,48,33,49,43,48,0,0,0,0,0,0,12,360,44,47,8
NJ-155860,2014-2015,85,129,124,117,96,87,95,112,106,88,124,109,101,81,82,1536,30,25,12
NJ-155870,2014-2015,0,27,24,29,34,26,46,23,0,0,0,0,0,0,11,220,48,40,9
NJ-170220,2014-2015,423,725,764,703,667,696,660,648,669,707,645.5,608.5,506.5,587,601.5,9611,44,39,8
NJ-171200,2014-2015,25,22,23,31,34,24,34,29,24,19,0,0,0,0,0,265,30,23,12
NJ-171850,2014-2015,32,102,114,111,98,97,91,108,88,95,0,0,0,0,39,975,38,29,12
NJ-172060,2014-2015,15,171,186,149,144,144,146,125,160,129,171,175,182,170,30,2097,32,28,1
NJ-172210,2014-2015,162,230,171,187,93,105,102,109,96,91,122,133,133,80,74,1888,30,30,12
NJ-172295,2014-2015,0,0,0,0,0,0,0,17,17,18,519.5,461.5,439.5,389,4.5,1866,70,30,4
NJ-172390,2014-2015,2387,2290,2298,2198,2069,1879,1873,1817,1739,1762,1781,1543,1252,1372,1550,27810,35,32,15
NJ-172410,2014-2015,250,414,429,435,446,453,431,410,421,428,484,459,379,406,68,5913,31,29,9
NJ-173610,2014-2015,279,514,549,552,554,505,543,512,575,574,678,609,575,618,414,8051,39,30,3
NJ-174730,2014-2015,93,170,187,148,169,162,145,146,171,198,136,131,129,141,62,2188,51,43,8
NJ-175240,2014-2015,305,967,970,1001,882,845,802,749,746,752,863,853,794,744,527,11800,42,27,11
NJ-175580,2014-2015,104,117,108,96,92,97,97,95,100,97,86,86,73,78,0,1326,47,37,3
NJ-175670,2014-2015,1205,686,684,687,531,551,528,493,509,423,485,509,422,381,278,8372,35,36,7
NJ-190020,2014-2015,19,54,47,36,40,56,58,49,53,71,0,0,0,0,3,486,67,63,7
NJ-190370,2014-2015,0,30,31,29,34,43,54,52,59,63,0,0,0,0,5,400,79,71,6
NJ-190430,2014-2015,11,16,9,16,7,23,10,14,9,8,0,0,0,0,0,123,66,36,7
NJ-190670,2014-2015,11,10,9,13,9,9,11,10,14,13,0,0,0,0,0,109,60,NA,5
NJ-190910,2014-2015,22,44,42,40,45,47,64,52,43,72,0,0,0,0,11,482,69,62,6
NJ-190920,2014-2015,47,97,105,145,146,148,161,185,215,197,0,0,0,0,5,1451,65,53,7
NJ-191040,2014-2015,21,41,35,32,41,40,42,45,47,34,0,0,0,0,1,379,68,62,8
NJ-191050,2014-2015,0,0,0,0,0,0,0,0,0,0,215,258,204,175,7,859,46,NA,NA
NJ-191160,2014-2015,17,36,24,34,37,46,45,48,51,50,0,0,0,0,2,390,69,56,5
NJ-191376,2014-2015,1,55,76,67,85,74,74,78,63,62,70,83,71.5,67.5,15,942,52,36,6
NJ-191510,2014-2015,34,295,292,337,367,374,371,407,395,444,0,0,0,0,23,3339,64,61,5
NJ-191600,2014-2015,17,27,23,37,28,35,39,26,34,34,0,0,0,0,0,300,60,65,2
NJ-191680,2014-2015,15,11,13,19,9,21,11,15,15,14,0,0,0,0,0,143,85,65,5
NJ-191970,2014-2015,25,21,13,12,3,6,14,10,6,11,0,0,0,0,2,123,NA,NA,17
NJ-192140,2014-2015,23,39,43,34,50,34,39,40,28,43,0,0,0,0,7,380,55,55,6
NJ-192220,2014-2015,27,56,52,62,46,68,66,44,71,76,0,0,0,0,17,585,58,41,6
NJ-192300,2014-2015,0,0,0,0,0,0,0,0,0,0,765,778,682.5,709,1,2935.5,63,42,NA
NJ-192305,2014-2015,0,0,0,2,0,2,1,1,1,8,12,7,7,8,35,84,NA,NA,NA
NJ-192308,2014-2015,0,0,0,0,0,0,0,0,0,0,2,35,110.5,101.5,0.5,249.5,NA,NA,NA
NJ-192450,2014-2015,14,24,35,39,33,34,38,43,47,51,0,0,0,0,0,358,62,46,5
NJ-192590,2014-2015,9,8,15,15,13,11,13,9,0,0,0,0,0,0,0,93,62,50,7
NJ-192600,2014-2015,24,46,59,69,76,59,71,77,104,87,0,0,0,0,11,683,61,50,5
NJ-193180,2014-2015,17,8,8,10,9,4,3,13,14,10,0,0,0,0,0,96,67,41,1
NJ-193660,2014-2015,0,0,0,0,0,0,0,0,0,0,709,671,627,642,1,2650,60,36,NA
NJ-194350,2014-2015,35,145,149,158,189,177,201,214,223,251,0,0,0,0,2,1744,68,68,3
NJ-195180,2014-2015,7,50,58,57,73,66,75,74,86,93,0,0,0,0,17,656,67,59,5
NJ-195270,2014-2015,2,29,46,40,47,46,46,55,57,64,0,0,0,0,43,475,77,68,3
NJ-211245,2014-2015,34,323,410,407,385,404,382,431,383,396,344,398,378,325,109,5109,52,51,5
NJ-211430,2014-2015,33,251,271,261,247,218,220,274,252,265,286,296.5,232.5,265.5,224.5,3597,35,33,7
NJ-211950,2014-2015,137,835,844,736,807,781,822,884,825,875,965,992.5,885,893.5,500.5,11782.5,43,40,9
NJ-212280,2014-2015,37,187,240,227,246,268,270,278,267,303,304,316,296,315.5,71,3625.5,68,54,4
NJ-212580,2014-2015,57,288,296,330,316,281,285,291,298,271,328,291,274.5,291,95,3992.5,52,50,6
NJ-213103,2014-2015,15,4,13,6,4,1,2,4,5,8,2,18,10,22.5,539,653.5,NA,NA,NA
NJ-213105,2014-2015,0,0,0,0,0,0,0,0,0,0,33,59.5,152.5,205.5,37,487.5,92,64,NA
NJ-214255,2014-2015,43,202,204,206,192,194,231,245,206,251,404,378,375,355,54,3540,71,61,7
NJ-215210,2014-2015,171,1019,1062,909,814,730,677,722,755,643,685,759,664.5,535.5,686,10832,19,17,26
NJ-215510,2014-2015,21,161,209,193,216,190,290,206,237,261,234,221,223,219.5,70.5,2952,69,49,4
NJ-215715,2014-2015,13,538,626,708,671,741,767,773,719,753,732,741.5,739,813.5,291,9626,76,72,0
NJ-230750,2014-2015,146,276,314,254,273,249,284,269,304,275,257,292,263,217,44,3717,35,32,7
NJ-230970,2014-2015,10,33,51,41,37,52,62,72,72,81,0,0,0,0,2,513,87,76,3
NJ-231140,2014-2015,0,70,86,92,86,80,87,101,89,96.5,90,80,71,87,30,1145.5,46,40,9
NJ-231170,2014-2015,0,459,524,541,530,524,592,633,652,716,653,679.5,745.5,723,175.5,8147.5,65,62,5
NJ-231290,2014-2015,93,848,1136,1240,1243,1216,1178,1227,1087,1104,1037,1032,1000,975.5,242.5,14659,66,62,4
NJ-232150,2014-2015,66,128,119,124,124,103,118,113,102,124,131,131,119,93,21,1616,62,50,61
NJ-232370,2014-2015,69,72,68,81,89,44,67,58,50,65,0,0,0,0,10,673,37,33,5
NJ-233120,2014-2015,0,104,154,151,154,184,187,184,177,148,166,137.5,159,129,110.5,2145,62,45,4
NJ-233140,2014-2015,28,117,133,145,160,159,161,163,152,159,173,147.5,140.5,176,66.5,2080.5,60,48,9
NJ-233145,2014-2015,7,2,5,4,3,4,7,8,8,12,17,17,7,22,560,683,NA,NA,NA
NJ-233150,2014-2015,0,0,0,0,0,0,0,0,0,23.5,421.5,384.5,376,314,484,2003.5,42,89,NA
NJ-233220,2014-2015,11,51,84,68,87,74,77,70,68,70.5,0,0,0,0,21,681.5,66,56,7
NJ-233290,2014-2015,0,307,407,438,490,451,518,556,501,451,553,512.5,517,483,109,6293.5,50,50,4
NJ-233530,2014-2015,291,868,858,782,719,712,624,605,525,528.5,559,408.5,360.5,335,439,8614.5,23,22,9
NJ-233620,2014-2015,93,468,465,479,455,488,460,434,429,445,432,443.5,441.5,467,162,6162,47,40,7
NJ-233845,2014-2015,0,579,546,608,588,639,661,722,691,705,730,688,746,755,317,8975,52,44,9
NJ-234090,2014-2015,1144,852,946,876,844,801,765,699,706,688,735,467.5,381,416.5,153.5,10474.5,25,28,4
NJ-234130,2014-2015,101,543,570,573,494,545,508,531,535,541,485.5,540.5,543,560.5,233.5,7304,53,45,4
NJ-234660,2014-2015,0,448,514,463,427,418,433,427,421,457,412,407.5,425,421,349.5,6023,50,36,7
NJ-234830,2014-2015,36,89,90,82,82,64,73,59,71,60,80,63,45,64,122.5,1080.5,40,30,17
NJ-234860,2014-2015,53,477,520,523,632,622,663,707,683,649,768,702,720,705.5,211,8635.5,59,55,5
NJ-234910,2014-2015,129,214,240,265,235,269,283,262,238,259,273,275,273,286,37,3538,42,37,6
NJ-234920,2014-2015,50,159,175,150,189,192,169,157,176,184,160.5,138,146,143,88,2276.5,47,35,11
NJ-234970,2014-2015,41,93,97,111,105,118,121,93,105,118,176,198,202,158,30,1766,45,43,9
NJ-235850,2014-2015,11,830,1056,1069,1012,961,984,958,954,1027,983,1006,1052.5,1060.5,636,13600,45,41,10
NJ-250100,2014-2015,87,216,211,163,188,131,119,146,97,101,98,76,72.5,75,187.5,1968,12,13,20
NJ-250130,2014-2015,39,33,30,38,48,37,40,39,0,0,0,0,0,0,13,317,74,55,7
NJ-250180,2014-2015,0,17,15,19,9,21,22,12,18,20,0,0,0,0,0,153,83,61,5
NJ-250225,2014-2015,0,0,0,3,3,0,2,4,2,0,0,1,1,3,38,57,NA,NA,NA
NJ-250270,2014-2015,33,58,49,63,51,39,55,49,52,41,0,0,0,0,43,533,47,34,7
NJ-250500,2014-2015,8,31,32,36,27,37,33,28,30,21,0,0,0,0,0,283,38,29,9
NJ-250560,2014-2015,12,53,58,46,63,50,79,64,62,73,0,0,0,0,0,560,67,57,4
NJ-250945,2014-2015,19,79,76,85,99,102,119,109,136,123,0,0,0,0,5,952,68,62,9
NJ-251000,2014-2015,0,16,18,15,18,16,17,18,22,18,0,0,0,0,5,163,39,26,11
NJ-251260,2014-2015,35,94,109,118,114,100,96,102,95,128,0,0,0,0,59,1050,46,43,11
NJ-251440,2014-2015,27,70,106,103,102,107,141,119,109,110,0,0,0,0,12,1006,66,53,4
NJ-251490,2014-2015,10,20,13,17,20,12,24,16,22,11,0,0,0,0,0,165,56,32,14
NJ-251640,2014-2015,57,178,218,187,160,163,172,140,142,124,0,0,0,0,87,1628,35,33,7
NJ-251650,2014-2015,0,0,0,0,0,0,0,0,0,0,2746,2696.5,2740.5,2688,262,11133,45,23,NA
NJ-251660,2014-2015,51,334,372,414,371,431,459,456,470,477,0,0,0,0,71,3906,65,59,100
NJ-252105,2014-2015,92,173,201,195,221,229,222,225,235,257,232,228,215,247,66,3038,43,46,6
NJ-252120,2014-2015,0,0,0,0,0,0,0,0,54,45,47,50,39.5,68,4,307.5,60,31,NA
NJ-252160,2014-2015,27,17,21,24,14,16,20,18,0,0,0,0,0,0,13,170,34,33,16
NJ-252230,2014-2015,22,150,192,197,231,211,237,251,242,285,214,225,244,249,48,2998,65,55,5
NJ-252290,2014-2015,59,518,603,615,584,641,679,697,649,745,0,0,0,0,333,6123,59,50,8
NJ-252400,2014-2015,193,104,114,86,123,99,82,91,100,91,76.5,105,79.5,84,49.5,1477.5,23,16,20
NJ-252430,2014-2015,66,78,90,77,74,72,60,53,65,63,73,102.5,103,93.5,9.5,1079.5,34,37,12
NJ-252720,2014-2015,18,76,98,84,97,85,94,88,111,92,0,0,0,0,2,845,83,75,3
NJ-252770,2014-2015,832,413,347,431,393,383,335,347,357,372,299,349.5,291.5,263,235.5,5648.5,24,28,18
NJ-252920,2014-2015,16,441,472,498,552,591,553,593,647,594,0,0,0,0,125,5082,66,64,5
NJ-252930,2014-2015,6,52,72,59,72,61,78,81,70,66,241.5,260.5,231.5,235.5,21.5,1607.5,63,37,4
NJ-253030,2014-2015,0,249,440,510,561,576,616,622,680,682,0,0,0,0,156,5092,71,68,4
NJ-253040,2014-2015,48,336,309,274,313,266,276,302,281,291,264,277.5,233.5,213,157.5,3841.5,61,54,6
NJ-253160,2014-2015,141,628,648,689,692,716,815,725,780,720,686,706.5,706.5,678.5,313.5,9645,54,53,5
NJ-253200,2014-2015,29,72,87,103,120,136,144,143,178,163,0,0,0,0,13,1188,68,68,5
NJ-253250,2014-2015,11,16,26,25,29,27,35,27,31,38,0,0,0,0,1,266,86,69,4
NJ-253260,2014-2015,0,0,0,0,0,0,0,0,0,0,441,444,612,630.5,86.5,2214,86,80,NA
NJ-253270,2014-2015,0,0,0,0,0,0,0,0,0,0,245,240,248,209.5,8,950.5,36,13,NA
NJ-253500,2014-2015,9,38,38,41,41,44,37,46,37,38,0,0,0,0,10,379,36,29,3
NJ-253510,2014-2015,461,276,282,264,272,250,210,279,243,270,333,342,311.5,317.5,241.5,4352.5,28,25,13
NJ-253810,2014-2015,44,238,247,241,269,264,261,254,269,324,282,298.5,300.5,277,154,3723,45,45,6
NJ-253830,2014-2015,36,58,59,64,54,57,56,75,67,69,0,0,0,0,33,628,54,39,3
NJ-254360,2014-2015,110,169,154,126,121,107,117,104,100,92,0,0,0,0,24,1224,33,35,8
NJ-254365,2014-2015,0,0,0,0,0,0,0,0,0,0,332,296,293,290.5,9,1220.5,38,18,NA
NJ-254520,2014-2015,7,14,14,17,13,12,8,10,0,0,0,0,0,0,0,95,NA,NA,7
NJ-254570,2014-2015,23,146,116,100,105,14,125,117,109,117,0,0,0,0,2,974,81,62,6
NJ-254580,2014-2015,0,0,0,0,0,0,0,0,0,0,259,253,237.5,183.5,0,933,40,13,NA
NJ-254690,2014-2015,15,15,17,23,17,15,13,12,17,17,0,0,0,0,0,161,88,76,3
NJ-254760,2014-2015,0,0,0,0,0,0,0,0,0,0,148.5,158.5,155.5,152.5,0,615,48,16,NA
NJ-254770,2014-2015,15,57,35,54,57,50,46,61,64,41,0,0,0,0,2,482,75,69,2
NJ-254980,2014-2015,14,24,15,15,21,29,19,28,23,25,0,0,0,0,0,213,86,85,5
NJ-254990,2014-2015,0,30,37,35,38,42,40,48,34,41,0,0,0,0,0,345,73,53,9
NJ-255185,2014-2015,1,118,165,155,161,156,158,170,153,184,0,0,0,0,86,1507,64,57,6
NJ-255230,2014-2015,50,54,67,60,65,72,65,68,73,56,0,0,0,0,0,630,46,46,12
NJ-255310,2014-2015,40,73,92,100,99,118,122,137,118,159,308,325,307.5,301.5,28.5,2328.5,58,40,3
NJ-255420,2014-2015,17,216,232,222,224,265,280,301,282,331,281.5,286.5,319,284.5,81,3622.5,57,51,6
NJ-255640,2014-2015,24,42,51,63,61,62,64,60,79,73,0,0,0,0,0,579,53,41,10
NJ-270450,2014-2015,1,12,35,81,67,67,84,74,62,74,137,155,141.5,132.5,37.5,1160.5,54,37,2
NJ-270460,2014-2015,5,28,32,48,47,45,72,57,54,65,0,0,0,0,0,453,81,59,3
NJ-270630,2014-2015,0,80,62,82,63,64,71,66,68,83,120,140,100,96,51.5,1146.5,56,43,4
NJ-270785,2014-2015,21,237,284,346,315,320,355,363,326,302,291,331,285.5,281.5,52,4110,73,64,3
NJ-270820,2014-2015,25,95,106,115,97,123,132,171,142,145,0,0,0,0,11,1162,72,70,5
NJ-271090,2014-2015,24,156,154,158,196,173,188,197,223,202,0,0,0,0,1,1672,72,60,3
NJ-271110,2014-2015,96,265,255,275,231,232,198,236,215,216,286,203,170.5,175,131.5,3185,46,41,3
NJ-271190,2014-2015,36,95,83,91,111,88,113,123,114,131,0,0,0,0,10,995,58,45,2
NJ-271530,2014-2015,11,96,119,102,102,100,102,122,119,92,0,0,0,0,24,989,73,57,5
NJ-271990,2014-2015,0,0,0,0,0,0,0,0,0,0,394,397,415.5,380.5,0,1587,37,14,NA
NJ-272000,2014-2015,0,143,162,142,154,161,174,148,174,176,0,0,0,0,29,1463,66,54,5
NJ-272010,2014-2015,17,27,36,33,26,41,39,34,21,32,0,0,0,0,0,306,78,58,3
NJ-272380,2014-2015,0,191,193,233,239,244,238,238,242,236,236,245,232,215.5,216.5,3199,49,37,5
NJ-272460,2014-2015,0,89,127,125,121,161,145,163,168,169,171,164,158,175.5,58,1994.5,59,48,5
NJ-272650,2014-2015,28,94,106,109,96,93,110,86,106,99,0,0,0,0,24,951,66,54,5
NJ-272870,2014-2015,5,143,183,183,193,187,194,207,188,186,211,209,214.5,197,29,2529.5,67,54,0
NJ-273090,2014-2015,11,53,57,55,52,77,55,74,86,77,0,0,0,0,0,597,83,73,4
NJ-273100,2014-2015,21,55,54,68,60,68,95,92,101,87,0,0,0,0,6,707,91,85,4
NJ-273240,2014-2015,17,46,43,52,53,46,53,58,0,0,0,0,0,0,1,369,58,42,6
NJ-273340,2014-2015,0,242,271,262,261,302,275,319,318,311,306,282,312.5,308.5,92.5,3862.5,62,56,3
NJ-273364,2014-2015,0,0,0,0,0,0,0,0,0,2,1,3,2,3,56,67,NA,NA,NA
NJ-273365,2014-2015,0,0,0,0,0,0,0,0,0,0,246,204,267.5,253.5,27,998,73,26,NA
NJ-273370,2014-2015,0,0,0,0,0,0,0,0,0,0,710,751,654.5,633.5,13.5,2762.5,49,26,NA
NJ-273380,2014-2015,18,55,67,54,69,68,61,66,72,73,0,0,0,0,10,613,74,66,4
NJ-273385,2014-2015,157,345,372,376,349,353,389,377,360,395,446,469.5,408,347,82,5225.5,51,43,4
NJ-273410,2014-2015,0,26,40,36,37,39,35,42,40,41,0,0,0,0,9,345,74,58,6
NJ-273450,2014-2015,0,283,334,317,325,339,324,384,385,401,362,362,351.5,338,165,4670.5,50,48,6
NJ-273460,2014-2015,0,65,64,71,72,89,95,102,98,101,166,182,152,175,100.5,1532.5,80,57,4
NJ-273520,2014-2015,21,28,25,25,35,29,35,33,31,34,0,0,0,0,0,296,57,51,9
NJ-273950,2014-2015,138,500,472,508,523,533,537,540,535,519,468,493,493,494,172,6925,67,57,6
NJ-274000,2014-2015,25,82,74,72,97,68,95,92,117,105,0,0,0,0,3,830,75,57,3
NJ-274080,2014-2015,17,149,137,152,138,146,177,182,177,197,163,182.5,186.5,192,28,2224,64,48,3
NJ-274330,2014-2015,40,248,304,287,316,356,386,391,419,405,433,370,416.5,373.5,74,4819,61,49,5
NJ-274440,2014-2015,16,33,33,39,30,34,34,44,30,25,0,0,0,0,6,324,62,56,4
NJ-274480,2014-2015,23,34,53,66,62,62,71,66,63,73,0,0,0,0,5,578,59,50,23
NJ-274490,2014-2015,30,183,232,229,249,230,265,286,286,278,0,0,0,0,91,2359,56,47,6
NJ-274560,2014-2015,0,216,203,216,246,227,249,280,253,296,362,327,370,338,113.5,3696.5,39,36,6
NJ-275520,2014-2015,0,193,178,220,239,226,282,269,304,293,0,0,0,0,68,2272,66,64,8
NJ-275660,2014-2015,0,0,0,0,0,0,0,0,0,0,632,696,665.5,678,0,2671.5,66,33,NA
NJ-275770,2014-2015,0,73,83,81,81,75,84,98,95,88,0,0,0,0,22,780,40,42,99
NJ-290185,2014-2015,46,251,243,247,223,239,241,249,231,255,234,224,254,221.5,21,3179.5,43,37,14
NJ-290210,2014-2015,0,9,10,17,20,15,21,21,19,15,0,0,0,0,0,147,93,67,4
NJ-290230,2014-2015,6,12,4,9,8,10,9,7,0,0,0,0,0,0,0,65,NA,NA,16
NJ-290320,2014-2015,33,244,269,278,271,269,266,265,0,0,0,0,0,0,197,2092,47,33,22
NJ-290530,2014-2015,73,556,668,550,614,605,662,655,631,662,702,722.5,746.5,770,527.5,9144.5,45,40,9
NJ-290770,2014-2015,0,0,0,0,0,0,0,0,315,303,327,346,290,268,102,1951,22,29,7
NJ-291150,2014-2015,16,15,18,15,16,17,18,15,0,0,0,0,0,0,6,136,46,42,2
NJ-292350,2014-2015,0,19,20,24,16,16,13,10,0,0,0,0,0,0,1,119,36,38,10
NJ-292360,2014-2015,46,446,545,539,643,657,679,647,735,709,691,736.5,724,685.5,263,8746,44,45,10
NJ-292480,2014-2015,0,285,296,296,305,313,345,308,281,311,291,302,287,321.5,348,4289.5,41,32,14
NJ-292500,2014-2015,34,41,50,34,41,26,33,32,37,37,0,0,0,0,19,384,26,18,14
NJ-292520,2014-2015,196,551,589,583,534,501,407,405,333,352,319,263,238,194,342,5807,19,17,10
NJ-292550,2014-2015,0,19,12,17,12,17,16,14,14,17,0,0,0,0,0,138,67,43,12
NJ-292690,2014-2015,265,177,172,189,194,175,173,179,0,0,0,0,0,0,84,1608,47,35,12
NJ-292760,2014-2015,22,36,26,26,28,27,37,30,0,0,0,0,0,0,0,232,59,25,7
NJ-292940,2014-2015,0,168,205,210,227,185,223,218,233,197,270,231.5,222,218,172,2979.5,39,39,12
NJ-293790,2014-2015,0,0,0,0,0,0,0,0,0,0,139,171.5,474,531.5,65,1381,80,NA,NA
NJ-293800,2014-2015,20,23,18,12,20,20,17,29,0,0,0,0,0,0,0,159,44,26,18
NJ-293820,2014-2015,40,68,59,68,56,88,67,82,0,0,0,0,0,0,16,544,37,32,15
NJ-294105,2014-2015,0,0,0,0,0,0,0,0,262,269,241,265.5,237,240,66,1580.5,36,36,15
NJ-294190,2014-2015,41,71,89,96,92,89,97,125,128,147,131,134,123.5,105.5,23.5,1492.5,44,38,12
NJ-294210,2014-2015,10,172,193,223,197,228,191,208,218,208,240.5,208,240.5,194,56,2787,60,46,6
NJ-294220,2014-2015,14,36,35,33,49,53,54,64,60,56,119.5,89.5,77,77.5,0.5,818,56,46,11
NJ-294710,2014-2015,20,33,34,30,32,18,21,27,0,0,0,0,0,0,5,220,22,19,27
NJ-294950,2014-2015,0,0,0,0,0,0,0,0,433,494,500,505,471,483,52,2938,35,32,7
NJ-295020,2014-2015,122,268,228,281,277,289,315,301,0,0,0,0,0,0,153,2234,53,46,5
NJ-295190,2014-2015,0,845,1098,1137,1134,1108,1183,1119,1150,1168,1190,1228.5,1160.5,1234.5,1003.5,15759,50,36,9
NJ-295220,2014-2015,16,52,43,33,44,38,61,38,0,0,0,0,0,0,6,331,34,30,7
NJ-310420,2014-2015,6,65,64,67,55,72,54,64,72,58,0,0,0,0,19,596,54,38,6
NJ-310900,2014-2015,0,752,860,859,815,775,831,780,768,795,833,780,695,766,531,10840,37,35,10
NJ-311920,2014-2015,47,100,102,90,99,97,99,114,118,112,0,0,0,0,56,1034,46,36,11
NJ-312100,2014-2015,0,163,179,153,165,142,189,152,178,171,172,165,150,161,139,2279,49,32,5
NJ-312510,2014-2015,0,0,0,0,0,0,0,0,0,0,224,253.5,219.5,248,8.5,953.5,43,16,NA
NJ-312700,2014-2015,0,79,88,91,80,85,107,88,95,91,0,0,0,0,76,880,66,52,5
NJ-313640,2014-2015,0,82,66,89,82,73,66,58,86,70,0,0,0,0,34,706,65,54,3
NJ-313970,2014-2015,590,1024,1182,1216,1164,1029,1030,950,930,918,780,699,668,647,360,13187,20,25,8
NJ-313975,2014-2015,0,0,0,0,0,0,0,1,1,0,4,0,0,0,1,7,NA,NA,NA
NJ-313980,2014-2015,0,0,0,0,0,0,0,0,0,0,217,206,215,223,35,896,24,NA,NA
NJ-313990,2014-2015,0,0,0,0,0,0,0,0,0,0,312,310,321.5,379,25,1347.5,37,NA,NA
NJ-313995,2014-2015,0,0,0,0,0,0,0,0,0,0,906,806,774,760.5,109,3355.5,32,22,NA
NJ-314010,2014-2015,556,2206,2113,2136,2095,1923,1780,1769,1776,1935,1417,1457,1293,1238,1078,24772,28,28,14
NJ-314230,2014-2015,13,109,80,87,137,93,136,122,126,111,167,191.5,156,146,27,1701.5,60,41,4
NJ-314270,2014-2015,70,86,87,93,92,84,76,89,89,99,0,0,0,0,1,866,35,22,10
NJ-314400,2014-2015,0,109,123,115,135,135,142,125,136,147,0,0,0,0,53,1220,59,51,6
NJ-315200,2014-2015,58,84,118,125,102,83,128,125,107,114,0,0,0,0,32,1076,47,49,8
NJ-315440,2014-2015,0,102,91,104,94,94,99,111,95,96,0,0,0,0,68,954,61,51,5
NJ-315570,2014-2015,0,355,506,567,542,589,619,638,617,670,666,644,676,703.5,181,7973.5,52,49,8
NJ-315650,2014-2015,21,227,263,245,256,259,253,263,255,294,286,268,302,305,103,3600,46,35,5
NJ-315690,2014-2015,0,102,113,125,122,106,111,130,97,118,0,0,0,0,72,1096,37,38,6
NJ-330060,2014-2015,25,31,36,33,37,46,39,40,43,44,0,0,0,0,0,374,51,44,22
NJ-331350,2014-2015,0,10,21,14,21,13,9,11,15,10,0,0,0,0,0,124,36,34,5
NJ-332800,2014-2015,9,19,22,18,11,17,18,20,19,24,0,0,0,0,1,178,40,32,9
NJ-332950,2014-2015,15,19,20,18,19,19,18,18,21,15,0,0,0,0,0,182,41,61,5
NJ-333860,2014-2015,0,36,37,33,34,27,18,30,25,25,0,0,0,0,0,265,56,51,4
NJ-334070,2014-2015,155,173,199,178,174,165,146,157,176,158,173,147.5,128.5,119.5,21,2270.5,26,18,16
NJ-334075,2014-2015,25,117,140,129,114,149,140,123,146,145,122.5,102.5,122.5,105.5,38.5,1719.5,38,40,5
NJ-334150,2014-2015,38,105,114,98,97,117,123,116,129,142,153.5,150.5,126.5,112,60.5,1682,53,39,2
NJ-334280,2014-2015,31,31,34,41,31,44,39,39,31,37,0,0,0,0,1,359,39,42,14
NJ-334630,2014-2015,175,97,95,83,70,46,68,51,61,54,87,70,82.5,59,77,1175.5,22,11,25
NJ-334635,2014-2015,3,1,4,3,2,4,6,8,6,8,12,9,14,10,120,210,NA,NA,NA
NJ-334640,2014-2015,0,0,0,0,0,0,0,0,0,0,226.5,234.5,186.5,174.5,4,826,44,16,NA
NJ-335320,2014-2015,21,26,38,34,30,40,42,37,39,53,0,0,0,0,0,360,52,45,14
NJ-335910,2014-2015,70,66,89,66,80,85,87,88,109,87,148,166.5,179.5,171.5,27,1519.5,57,36,5
NJ-350240,2014-2015,6,50,66,52,63,47,66,63,49,64,0,0,0,0,18,544,72,48,16
NJ-350350,2014-2015,31,308,338,385,396,410,449,453,443,466,451.5,490,462.5,450,170,5703,78,69,4
NJ-350490,2014-2015,74,157,153,122,115,130,107,118,117,121,167.5,154.5,99,109.5,60,1804.5,23,30,8
NJ-350510,2014-2015,23,126,159,174,142,177,172,181,175,209,0,0,0,0,26,1564,67,64,4
NJ-350555,2014-2015,0,389,571,614,619,630,667,680,669,742,758,729,678,707,76,8529,65,52,5
NJ-351610,2014-2015,216,544,573,597,569,558,501,543,499,549,624.5,497,462,513,267,7512.5,38,36,7
NJ-351810,2014-2015,7,75,92,84,92,99,106,110,122,99,0,0,0,0,11,897,59,66,4
NJ-352170,2014-2015,43,432,494,482,527,534,546,549,589,547,566.5,528,577,570,244,7228.5,54,51,4
NJ-353000,2014-2015,0,111,139,102,130,114,110,103,112,88,94,95.5,91.5,101,22,1413,41,41,9
NJ-353320,2014-2015,43,247,257,268,284,351,352,389,393,420,408.5,412,431,434,61.5,4751,74,63,3
NJ-353670,2014-2015,21,226,248,267,249,256,257,242,207,260,258.5,221,249.5,254.5,73,3289.5,28,20,8
NJ-354805,2014-2015,0,0,0,0,0,0,3,4,1,5,17,17,19,16,81,163,NA,NA,NA
NJ-354810,2014-2015,0,0,0,0,0,0,0,0,0,0,87.5,108.5,120.5,95,32,443.5,48,49,NA
NJ-354815,2014-2015,7,108,109,130,146,115,123,149,152,146,219,204,201.5,211,16,2036.5,61,45,6
NJ-354820,2014-2015,133,98,131,145,130,118,130,128,102,115,276,282.5,301.5,270,37,2397,37,32,7
NJ-354850,2014-2015,26,57,38,63,53,39,38,48,49,37,0,0,0,0,17,465,44,29,7
NJ-355470,2014-2015,26,143,161,184,178,235,220,208,215,239,0,0,0,0,30,1839,74,68,3
NJ-355540,2014-2015,25,51,54,93,71,67,94,85,75,73,0,0,0,0,2,690,78,68,6
NJ-355550,2014-2015,0,0,0,0,0,0,0,0,0,0,565,546.5,545.5,539.5,1,2197.5,52,24,NA
NJ-370090,2014-2015,12,42,50,56,58,60,68,65,49,97,0,0,0,0,2,559,44,46,11
NJ-370640,2014-2015,1,75,80,72,117,89,106,98,109,135,0,0,0,0,14,896,56,47,7
NJ-371560,2014-2015,21,101,55,61,50,58,61,72,67,1,0,0,0,0,0,547,57,58,4
NJ-371570,2014-2015,0,57,49,39,43,39,51,42,48,48,0,0,0,0,42,458,53,27,10
NJ-371630,2014-2015,0,26,21,31,42,43,42,44,0,0,0,0,0,0,1,250,59,49,2
NJ-371800,2014-2015,0,47,44,59,46,51,61,40,68,54,0,0,0,0,0,470,67,53,4
NJ-371930,2014-2015,8,43,34,29,28,25,24,25,20,33,0,0,0,0,1,270,56,31,7
NJ-371980,2014-2015,0,39,36,38,45,51,49,58,0,0,0,0,0,0,1,317,71,59,7
NJ-372030,2014-2015,16,64,73,78,98,69,85,88,81,74,0,0,0,0,17,743,62,50,8
NJ-372165,2014-2015,0,0,0,0,0,0,0,0,0,0,249.5,243.5,249.5,256,0,998.5,35,29,NA
NJ-372240,2014-2015,0,129,118,126,114,104,116,98,107,129,107,121,138,148,114,1669,38,27,10
NJ-372465,2014-2015,0,0,0,0,0,0,0,0,186,189,171,171,185.5,169.5,2,1074,45,23,NA
NJ-372490,2014-2015,9,14,29,25,22,24,40,34,30,23,0,0,0,0,3,253,70,47,6
NJ-372615,2014-2015,0,0,0,0,0,0,0,0,0,0,168.5,228,213.5,198,13,821,24,25,NA
NJ-373300,2014-2015,1,37,23,31,23,33,35,28,0,0,0,0,0,0,7,218,66,62,7
NJ-373590,2014-2015,41,87,84,87,89,84,68,81,76,71,204.5,197.5,165,189,32,1556,41,23,17
NJ-373840,2014-2015,0,31,24,33,19,33,29,37,19,33,0,0,0,0,6,264,50,48,10
NJ-374650,2014-2015,0,21,18,28,22,15,18,21,0,0,0,0,0,0,2,145,67,56,11
NJ-374960,2014-2015,36,124,208,213,219,258,247,284,264,259,265,277.5,315.5,271,49.5,3290.5,51,51,5
NJ-375030,2014-2015,6,30,35,40,33,28,33,25,42,37,0,0,0,0,9,318,53,42,6
NJ-375040,2014-2015,24,42,36,47,40,42,51,49,0,0,0,0,0,0,17,348,56,52,14
NJ-375100,2014-2015,6,112,98,119,95,127,120,124,116,160,0,0,0,0,70,1147,52,45,5
NJ-375105,2014-2015,0,1,1,0,1,1,2,1,1,3,0,0,1,1,25,38,NA,NA,NA
NJ-375110,2014-2015,0,0,0,0,0,0,0,0,0,0,189.5,186,198,191,1,765.5,40,14,NA
NJ-375360,2014-2015,42,187,211,240,230,237,246,260,246,267,244,276.5,272.5,282,87,3328,49,40,13
NJ-375435,2014-2015,0,0,0,0,0,0,0,0,0,0,177,173,156,148.5,0,654.5,28,42,NA
NJ-390310,2014-2015,42,128,147,167,198,184,159,201,202,189,273,276,230,248,21,2665,67,52,3
NJ-390850,2014-2015,50,148,172,157,139,166,163,156,164,177,195,176.5,199,197.5,53,2313,51,40,4
NJ-390980,2014-2015,64,227,252,248,265,303,306,330,306,339,260,300.5,270,295.5,106,3872,65,48,3
NJ-391320,2014-2015,2560,2036,2030,2066,1850,1788,1697,1642,1664,1587,1897,1398,1273,1046,1074,25608,35,32,14
NJ-391710,2014-2015,1,40,51,33,43,38,40,46,31,40,0,0,0,0,9,372,58,46,6
NJ-392190,2014-2015,185,203,239,220,215,213,179,220,216,220,218,194,174.5,150.5,238,3085,28,26,10
NJ-392420,2014-2015,20,70,97,91,99,89,115,107,106,123,110,129.5,108,106,38.5,1409,33,23,6
NJ-392660,2014-2015,320,405,423,452,410,430,412,384,400,393,419,453,407,418.5,301,6027.5,31,29,11
NJ-393395,2014-2015,1,0,0,1,2,5,4,5,0,3,7,8,8,22,191,257,NA,NA,NA
NJ-393470,2014-2015,0,66,87,67,102,75,91,68,94,85,0,0,0,0,0,735,63,54,3
NJ-393560,2014-2015,54,131,183,186,205,185,168,182,177,196,156,177,172.5,142,31,2345.5,75,64,4
NJ-394160,2014-2015,15,727,738,729,688,653,522,476,411,428,469,485,433.5,376.5,408.5,7559.5,25,20,12
NJ-394290,2014-2015,142,260,297,292,279,273,243,271,274,251,312,285.5,216.5,204.5,144,3744.5,35,34,11
NJ-394540,2014-2015,54,204,236,222,248,221,200,208,177,187,164,175.5,141,197.5,87,2722,35,31,9
NJ-394550,2014-2015,27,136,128,149,147,146,146,134,160,172,145,153,138,138,46,1965,49,43,7
NJ-394670,2014-2015,134,299,400,420,433,396,441,434,430,444,396,384,402,375,69,5457,73,61,4
NJ-395000,2014-2015,101,157,183,193,167,178,139,195,150,147,140,164.5,158.5,150.5,59.5,2283,63,46,5
NJ-395090,2014-2015,54,174,307,330,321,295,314,315,317,335,308,335,299,263,93.5,4060.5,75,61,5
NJ-395245,2014-2015,0,0,0,1,0,2,3,1,6,5,8,10,9,8,116,169,NA,NA,NA
NJ-395260,2014-2015,0,0,0,0,0,0,0,0,0,0,353,359.5,443.5,447,36,1639,88,75,NA
NJ-395290,2014-2015,213,504,520,507,512,531,544,534,558,532,533,560,544.5,614,269,7475.5,40,32,8
NJ-395730,2014-2015,52,197,461,496,525,536,500,502,541,496,504,433,458.5,443.5,108,6253,64,61,3
NJ-395810,2014-2015,25,16,17,12,17,9,15,10,18,14,0,0,0,0,0,153,45,32,12
NJ-410030,2014-2015,0,32,34,37,36,42,37,38,31,52,0,0,0,0,93,432,59,44,5
NJ-410070,2014-2015,8,24,22,28,32,20,21,17,27,25,0,0,0,0,0,224,43,28,4
NJ-410280,2014-2015,0,20,22,31,16,35,29,41,38,38,141,111,104,121,16,763,39,27,9
NJ-410400,2014-2015,15,66,77,69,60,77,87,91,0,0,0,0,0,0,2,544,49,40,6
NJ-411620,2014-2015,25,21,29,31,34,24,35,31,0,0,0,0,0,0,0,230,49,41,6
NJ-411670,2014-2015,7,16,16,19,18,19,24,29,0,0,0,0,0,0,1,149,73,51,9
NJ-411785,2014-2015,0,61,67,60,71,89,72,83,81,84,0,0,0,0,92,760,52,43,4
NJ-411840,2014-2015,47,49,75,73,69,105,87,80,116,101,0,0,0,0,6,808,61,54,5
NJ-411870,2014-2015,2,120,118,101,121,101,96,100,87,106,222,237,245,218,17,1891,61,42,4
NJ-412040,2014-2015,18,17,31,22,29,22,30,23,30,30,0,0,0,0,0,252,40,23,11
NJ-412250,2014-2015,13,11,13,17,19,17,13,23,18,24,0,0,0,0,2,170,68,53,5
NJ-412470,2014-2015,6,24,24,31,38,30,29,25,0,0,0,0,0,0,13,220,58,41,8
NJ-412790,2014-2015,23,71,73,83,97,82,95,103,95,88,0,0,0,0,21,831,58,41,5
NJ-412970,2014-2015,10,85,99,106,96,90,93,95,0,0,0,0,0,0,22,696,53,39,8
NJ-413675,2014-2015,0,0,0,0,0,0,0,0,150,147,157,149,143,165,0,911,52,34,NA
NJ-413890,2014-2015,11,23,36,38,34,31,33,36,32,29,0,0,0,0,3,306,50,35,2
NJ-414100,2014-2015,254,243,194,216,201,190,179,167,183,151,416,438,376,359.5,154,3721.5,45,34,11
NJ-414200,2014-2015,0,25,36,32,40,32,39,40,36,41,0,0,0,0,1,322,47,34,7
NJ-415450,2014-2015,0,0,0,1,0,0,1,0,3,0,0,1,1,0,26,33,NA,NA,NA
NJ-415460,2014-2015,0,0,0,0,0,0,0,0,0,0,113,77,87,93.5,113.5,484,33,17,NA
NJ-415465,2014-2015,0,0,0,0,0,0,0,0,290,298,324,297,343,273,61,1886,44,26,3
NJ-415480,2014-2015,15,84,70,69,63,75,77,76,0,0,0,0,0,0,34,563,41,23,10
NJ-415530,2014-2015,20,48,59,60,68,74,90,89,0,0,0,0,0,0,9,517,54,38,8
NJ-415780,2014-2015,12,25,24,34,30,36,38,31,39,46,0,0,0,0,0,315,52,45,5
NJ-806010,2014-2015,0,0,0,0,0,0,0,0,0,0,53,44.5,45,52,1,195.5,NA,NA,NA
NJ-806013,2014-2015,0,80,80,80,80,80,80,80,79,80,65,66,56,53,0,959,65,53,NA
NJ-806017,2014-2015,0,81,0,0,56,80,82,87,63,91,75,64,60,49,0,788,49,33,NA
NJ-806018,2014-2015,0,0,0,0,0,0,0,49,49,50,55,48,31,34,0,316,71,59,NA
NJ-806020,2014-2015,0,0,0,0,0,0,66,66,66,66,0,0,0,0,0,264,52,39,2
NJ-806021,2014-2015,0,102,101,101,101,103,101,103,98,0,0,0,0,0,0,810,34,21,98
NJ-806022,2014-2015,0,59,68,29,66,71,64,0,0,0,0,0,0,0,0,357,33,23,1
NJ-806024,2014-2015,0,48,48,47,48,48,0,0,0,0,0,0,0,0,0,239,47,56,2
NJ-806025,2014-2015,0,0,0,0,0,77,73,75,74,74,0,0,0,0,0,373,18,14,10
NJ-806026,2014-2015,0,37,36,36,35,0,0,0,0,0,0,0,0,0,0,144,58,61,0
NJ-806028,2014-2015,0,36,36,37,36,48,36,36,35,0,0,0,0,0,0,300,60,37,11
NJ-806029,2014-2015,15,50,50,50,49,50,50,0,0,0,0,0,0,0,0,314,23,22,18
NJ-806030,2014-2015,0,40,47,40,43,43,56,38,0,0,0,0,0,0,0,307,51,40,8
NJ-806032,2014-2015,0,0,0,0,0,0,0,0,0,0,102,104,95,85,0,386,28,NA,NA
NJ-806033,2014-2015,0,0,0,0,0,0,0,0,0,0,67,78,50,38,0,233,23,NA,NA
NJ-806036,2014-2015,0,42,46,47,49,43,43,21,0,0,0,0,0,0,0,291,77,64,2
NJ-806037,2014-2015,29,95,100,96,102,99,89,0,0,0,0,0,0,0,0,610,34,26,16
NJ-806041,2014-2015,0,50,50,50,50,48,50,0,0,0,0,0,0,0,0,298,72,63,9
NJ-806053,2014-2015,0,0,0,0,0,0,0,94,72,64,80,42,0,0,0,352,37,42,10
NJ-806057,2014-2015,0,0,0,0,0,0,0,0,0,0,103,98,97,72,0,370,35,NA,NA
NJ-806058,2014-2015,0,67,68,65,84,36,0,0,0,0,0,0,0,0,0,320,32,35,17
NJ-806059,2014-2015,0,0,0,0,0,0,0,0,0,0,148,119,144,0,0,411,15,NA,NA
NJ-806060,2014-2015,0,49,19,27,27,16,12,0,0,0,0,0,0,0,0,150,NA,NA,NA
NJ-806063,2014-2015,0,116,99,84,25,25,24,25,0,0,0,0,0,0,0,398,18,32,22
NJ-806064,2014-2015,0,84,41,41,44,46,41,40,32,0,0,0,0,0,0,369,29,15,15
NJ-806067,2014-2015,0,33,28,31,33,30,27,19,0,0,0,0,0,0,0,201,24,23,11
NJ-806068,2014-2015,0,0,0,0,0,0,0,68,65,90,83,84,69,75,0,534,27,26,NA
NJ-806069,2014-2015,0,48,48,45,30,26,19,0,0,0,0,0,0,0,0,216,49,30,64
NJ-806076,2014-2015,0,0,0,0,0,0,0,34,57,56,0,0,0,0,0,147,32,20,31
NJ-806079,2014-2015,0,23,24,22,23,22,24,19,22,20,0,0,0,0,0,199,34,29,9
NJ-806080,2014-2015,0,60,59,60,60,60,60,60,60,57,0,0,0,0,0,536,50,40,3
NJ-806081,2014-2015,0,42,42,44,42,43,43,40,0,0,0,0,0,0,0,296,89,81,0
NJ-806082,2014-2015,0,123,120,121,120,114,0,0,0,0,0,0,0,0,0,598,50,46,11
NJ-806083,2014-2015,0,64,64,64,63,65,0,0,0,0,0,0,0,0,0,320,17,28,1
NJ-806086,2014-2015,0,34,78,58,0,0,0,0,0,0,0,0,0,0,0,170,NA,NA,NA
NJ-806089,2014-2015,0,38,38,35,34,0,0,0,0,0,0,0,0,0,0,145,NA,19,65
NJ-806090,2014-2015,0,0,0,0,0,0,0,0,0,0,66,69,62,0,0,197,18,NA,NA
NJ-806091,2014-2015,0,0,0,0,0,0,0,85,151,91,0,0,0,0,0,327,17,10,29
NJ-806093,2014-2015,0,67,64,56,46,0,0,0,0,0,0,0,0,0,0,233,48,48,17
NJ-806094,2014-2015,0,42,42,42,42,41,42,42,40,39,0,0,0,0,0,372,44,46,2
NJ-806096,2014-2015,0,60,60,60,60,60,60,60,0,0,0,0,0,0,0,420,39,30,8
NJ-806099,2014-2015,0,0,0,0,0,0,72,0,70,73,0,0,0,0,0,215,NA,NA,NA
NJ-806182,2014-2015,0,106,90,91,64,0,0,0,0,0,0,0,0,0,0,351,NA,NA,NA
NJ-806183,2014-2015,0,0,0,0,0,0,0,0,0,0,98,0,0,0,3,101,20,14,NA
NJ-806184,2014-2015,0,0,0,0,0,0,0,0,0,0,125,0,0,0,0,125,NA,NA,NA
NJ-806212,2014-2015,0,0,0,0,0,0,0,0,0,0,127,121,118,100,0,466,24,NA,NA
NJ-806215,2014-2015,0,0,0,0,0,0,124,124,123,94,0,0,0,0,0,465,45,37,2
NJ-806230,2014-2015,0,0,0,0,0,0,0,6,2,0,0,0,0,0,0,8,83,81,3
NJ-806232,2014-2015,0,39,52,47,42,25,16,0,0,0,0,0,0,0,0,221,58,36,13
NJ-806240,2014-2015,0,0,54,58,57,53,52,98,110,107,78,0,0,0,0,667,35,16,13
NJ-806320,2014-2015,0,0,0,0,0,9,20,20,9,16,0,0,0,0,0,74,49,33,0
NJ-806410,2014-2015,0,106,103,183,95,8,0,0,0,0,0,0,0,0,0,495,40,32,8
NJ-806420,2014-2015,0,36,33,29,32,32,32,32,32,32,0,0,0,0,0,290,69,58,6
NJ-806430,2014-2015,0,29,40,35,35,36,29,0,0,0,0,0,0,0,0,204,47,46,14
NJ-806635,2014-2015,0,44,44,44,41,40,44,46,44,34,0,0,0,0,0,381,32,26,4
NJ-806665,2014-2015,0,50,50,49,49,36,21,30,23,18,0,0,0,0,0,326,69,47,0
NJ-806720,2014-2015,0,22,22,22,22,22,22,22,22,22,23,25,25,16,0,287,66,48,NA
NJ-806740,2014-2015,0,24,23,21,23,23,24,23,24,18,0,0,0,0,0,203,26,26,5
NJ-806810,2014-2015,0,17,18,19,18,18,0,0,0,0,0,0,0,0,0,90,29,50,6
NJ-806910,2014-2015,0,64,66,66,67,65,65,62,65,59,0,0,0,0,0,579,37,22,12
NJ-806915,2014-2015,45,65,45,50,48,49,48,48,71,63,0,0,0,0,0,532,46,33,22
NJ-807100,2014-2015,0,47,54,56,52,51,52,41,44,47,0,0,0,0,0,444,34,14,17
NJ-807109,2014-2015,0,119,119,121,121,118,120,65,61,62,126,122,114,110,0,1378,31,23,NA
NJ-807115,2014-2015,45,60,60,60,60,60,60,59,60,57,0,0,0,0,0,581,70,53,9
NJ-807210,2014-2015,69,69,74,69,73,93,80,97,93,58,149,91,70,90,0,1175,24,28,NA
NJ-807290,2014-2015,0,82,85,83,84,80,65,0,0,0,0,0,0,0,0,479,31,37,23
NJ-807320,2014-2015,0,422,415,417,326,207,346,321,320,213,160,91,91,74,0,3403,75,71,NA
NJ-807325,2014-2015,0,428,355,242,136,139,215,222,207,189,195,159,133,109,0,2729,NA,NA,NA
NJ-807410,2014-2015,0,0,0,0,0,0,0,0,0,0,99,83,83,73,0,338,34,NA,NA
NJ-807500,2014-2015,0,45,44,45,31,30,26,0,0,0,0,0,0,0,0,221,77,49,100
NJ-807503,2014-2015,0,79,80,78,81,78,81,79,91,77,100,83,70,69,0,1046,39,29,NA
NJ-807540,2014-2015,0,19,21,21,45,48,48,49,48,49,0,0,0,0,0,348,89,89,3
NJ-807600,2014-2015,0,18,17,18,18,36,36,36,36,33,0,0,0,0,0,248,52,36,6
NJ-807720,2014-2015,15,20,20,20,20,20,20,20,20,18,0,0,0,0,0,193,51,45,4
NJ-807727,2014-2015,0,12,13,12,17,16,15,14,16,10,0,0,0,0,0,125,68,40,14
NJ-807730,2014-2015,0,78,78,75,77,77,73,70,48,49,0,0,0,0,0,625,75,77,6
NJ-807735,2014-2015,0,57,60,57,61,58,57,57,56,57,0,0,0,0,0,520,71,53,100
NJ-807830,2014-2015,0,45,25,24,24,24,24,22,24,24,0,0,0,0,0,236,70,61,6
NJ-807850,2014-2015,0,0,0,0,0,0,0,75,75,75,0,0,0,0,0,225,31,17,13
NJ-807890,2014-2015,0,34,34,34,34,34,34,34,34,34,0,0,0,0,0,306,55,56,5
NJ-808010,2014-2015,0,20,18,20,19,19,20,29,35,33,36,36,39,14,0,338,39,23,NA
NJ-808050,2014-2015,0,26,26,24,28,24,23,17,23,11,0,0,0,0,0,202,62,41,4
NJ-808060,2014-2015,0,0,0,0,0,0,0,0,0,0,120,115,104,84,0,423,27,NA,NA
NJ-808065,2014-2015,0,75,74,72,75,50,50,50,51,50,0,0,0,0,0,547,39,27,16
NJ-808140,2014-2015,0,40,40,40,40,40,40,40,40,39,0,0,0,0,0,359,29,29,10
